_id,id,name,email,role,Designation,password,__v
660fe8a86f3688dd93b36678,INT001,Renee Bailey,rileypatrick@example.net,Intern,Trainee Engineer,OP%z5Me+,
660fe8a86f3688dd93b36680,INT009,Austin Moore,corteznatasha@example.org,Intern,Trainee Engineer,^e2OuDKe,
660fe8a86f3688dd93b3667e,INT007,John Wagner,rileymichele@example.org,Intern,Trainee Engineer,*uh2Vm_d,
660fe8a86f3688dd93b3667a,INT003,Amanda Scott,john32@example.net,Intern,Trainee Engineer,(3bO4gfw,
660fe8a86f3688dd93b36679,INT002,Mary Forbes,jasmin48@example.com,Intern,Trainee Engineer,&1Q3GoCR,
660fe8a86f3688dd93b3667b,INT004,Jennifer Clements,angeladiaz@example.net,Intern,Trainee Engineer,&oG0Snv8,
660fe8a86f3688dd93b3667c,INT005,Douglas Lee,arielharrison@example.net,Intern,Trainee Engineer,&6)t4Pd7,
660fe8a86f3688dd93b3667d,INT006,Cheryl Smith,oconnormary@example.com,Intern,Trainee Engineer,c$1@TCi#,
660fe8a86f3688dd93b3667f,INT008,Brenda Myers,jeffreymiles@example.org,Intern,Trainee Engineer,&Of0gL1j,
660fe8a86f3688dd93b36681,INT010,Amber Nelson,thomasjean@example.org,Intern,Trainee Engineer,%7MQ+4Ik,
660fe8a86f3688dd93b36682,INT011,David Bell,colemanbriana@example.org,Intern,Trainee Engineer,*Ew5HHTf,
660fe8a86f3688dd93b36688,INT017,Jacqueline Parker,brandon98@example.com,Intern,Trainee Engineer,$8iJmVy^,
660fe8a86f3688dd93b3668d,INT022,William Carlson,christopher22@example.net,Intern,Trainee Engineer,(P6fMzLc,
660fe8a86f3688dd93b3668f,INT024,Roger Hill,karlvincent@example.org,Intern,Trainee Engineer,V)80fPFq,
660fe8a86f3688dd93b36690,INT025,Lisa Woods,hallbrittany@example.org,Intern,Trainee Engineer,*D^7Chgh,
660fe8a86f3688dd93b36691,INT026,Mark Frye,chelseyriley@example.net,Intern,Trainee Engineer,PNV6#8Um,
660fe8a86f3688dd93b36692,INT027,Alice Hines,cainjackie@example.com,Intern,Trainee Engineer,8$X&7W5o,
660fe8a86f3688dd93b36695,INT030,Gregory Dixon,griffinerin@example.org,Intern,Trainee Engineer,9w*1C$jT,
660fe8a86f3688dd93b36698,INT033,Anthony Hebert,gloverbreanna@example.org,Intern,Trainee Engineer,Q!&k3xPg,
660fe8a86f3688dd93b36699,INT034,Amanda White,marc06@example.net,Intern,Trainee Engineer,H&5CdDvm,
660fe8a86f3688dd93b3669a,INT035,Denise Patterson,karen76@example.net,Intern,Trainee Engineer,#Gz1wPrj,
660fe8a86f3688dd93b36685,INT014,Richard Daniel,sydney81@example.org,Intern,Trainee Engineer,p%)N6CQl,
660fe8a86f3688dd93b36686,INT015,Jamie Rodriguez,mcdowellkyle@example.net,Intern,Trainee Engineer,+O4PmQs6,
660fe8a86f3688dd93b36689,INT018,Steven Farrell Jr.,williammathews@example.com,Intern,Trainee Engineer,n#9^5FFq,
660fe8a86f3688dd93b3668a,INT019,Mary Williams,catherine18@example.org,Intern,Trainee Engineer,@0uKomOz,
660fe8a86f3688dd93b3668b,INT020,Kim Cortez,heather41@example.org,Intern,Trainee Engineer,N!2F&%wu,
660fe8a86f3688dd93b3668e,INT023,Terry Barrera,stevendavis@example.net,Intern,Trainee Engineer,V*1AMg@w,
660fe8a86f3688dd93b36696,INT031,Carolyn Shelton,robertsstephen@example.com,Intern,Trainee Engineer,Mm#7TBvl,
660fe8a86f3688dd93b36684,INT013,John Chen,cherylfoster@example.com,Intern,Trainee Engineer,a+t6E6pJ,
660fe8a86f3688dd93b36693,INT028,Justin Cain,charles45@example.com,Intern,Trainee Engineer,%5ZEDUib,
660fe8a86f3688dd93b36697,INT032,Tammy Ayala,bethanywalters@example.org,Intern,Trainee Engineer,+5A9ld8W,
660fe8a86f3688dd93b3669b,INT036,Robert May,michaelgibson@example.com,Intern,Trainee Engineer,#6T#4DBv,
660fe8a86f3688dd93b36683,INT012,Frederick Freeman,santiagodesiree@example.org,Intern,Trainee Engineer,m#(23Vf),
660fe8a86f3688dd93b36687,INT016,Nicholas Henderson,odougherty@example.com,Intern,Trainee Engineer,6uS$2WkS,
660fe8a86f3688dd93b3668c,INT021,Maria Reese,victoria93@example.com,Intern,Trainee Engineer,$t9LLiwW,
660fe8a86f3688dd93b36694,INT029,Jessica Smith,mmyers@example.org,Intern,Trainee Engineer,#g1K1FxO,
660fe8a86f3688dd93b3669c,INT037,Tanya Marshall,mitchellsamantha@example.org,Intern,Trainee Engineer,!83ZeFnx,
660feb0a6f3688dd93b442ca,INT048,Keith Smith,emma39@example.com,Intern,Trainee Engineer,eGZ)0PoC,
660feb0a6f3688dd93b442c3,INT041,Devon Marsh,cynthia67@example.com,Intern,Trainee Engineer,K26)1X(m,
660feb0a6f3688dd93b442cb,INT049,Kelly Crawford,dgibson@example.com,Intern,Trainee Engineer,thv)0Cqt,
660feb0a6f3688dd93b442cc,INT050,Cody Robertson,edwardburton@example.org,Intern,Trainee Engineer,3)^8PnPx,
660feb0a6f3688dd93b442d4,INT058,Erin Rodriguez,cwhitehead@example.org,Intern,Trainee Engineer,BQ(D86Um,
660feb0a6f3688dd93b442d7,INT061,Ruben Frazier,allenjacob@example.org,Intern,Trainee Engineer,0g%0LUw*,
660feb0a6f3688dd93b442dc,INT066,Raymond Nichols MD,brandonlopez@example.net,Intern,Trainee Engineer,+9c&A#jf,
660feb0a6f3688dd93b442dd,INT067,Janice Barry,ncunningham@example.net,Intern,Trainee Engineer,%DG3IHyw,
660feb0a6f3688dd93b442e1,INT071,Robert Anderson,macdonaldemily@example.com,Intern,Trainee Engineer,x_AI08Pa,
660feb0a6f3688dd93b442e7,INT077,Breanna Martin,harrelldeanna@example.net,Intern,Trainee Engineer,6Q^5mHdf,
660feb0a6f3688dd93b442f2,INT088,Mackenzie Garcia,matthew40@example.com,Intern,Trainee Engineer,FW&9IO!r,
660feb0a6f3688dd93b442f4,INT090,Danielle Roberts,hoffmansteve@example.org,Intern,Trainee Engineer,$e4st7Xv,
660feb0a6f3688dd93b442fa,INT096,Scott Klein,kimberlyhansen@example.net,Intern,Trainee Engineer,$(kj8#Sz,
660feb0a6f3688dd93b44307,EMP10,David Smith,meganroberts@example.net,Employee,Software Engineer,*f7t6Qk4,
660feb0a6f3688dd93b4430c,EMP15,Leroy Contreras,reneestevens@example.net,Employee,Manager,ezL%4lUp,
660feb0a6f3688dd93b4430e,EMP17,Raymond Cabrera,uorozco@example.org,Employee,Senior Software Engineer,9Hl$)8Bo,
660feb0a6f3688dd93b44311,EMP20,Bernard Stephenson,dillon81@example.net,Employee,Data Analyst,Qk#5dLbk,
660feb0a6f3688dd93b44315,EMP24,Rebecca Nichols,yperkins@example.net,Employee,Solution Enabler,_O50MefU,
660feb0a6f3688dd93b4431a,EMP29,Donna Stewart,lesliekelley@example.org,Employee,Solution Enabler,#NAME?,
660feb0a6f3688dd93b44325,EMP40,Monica Farrell,turnermark@example.net,Employee,Manager,(O80zFGd,
660feb0a6f3688dd93b4432d,EMP48,Danny Castillo,morgan63@example.net,Employee,Manager,mU#7pEu(,
660feb0a6f3688dd93b44330,EMP51,Leslie Mercer,olivialloyd@example.net,Employee,Solution Enabler,L#81aOo@,
660feb0a6f3688dd93b44337,EMP58,Henry Salas,melissa86@example.org,Employee,Software Engineer,zH_x23Vn,
660feb0a6f3688dd93b44339,EMP60,Lindsay Herring,salinassusan@example.net,Employee,Solution Enabler,(a(0DHPr,
660feb0a6f3688dd93b44341,EMP68,Jeffery Perry,erichardson@example.org,Employee,Software Engineer,(3N!rcA!,
660feb0a6f3688dd93b44345,EMP72,Melissa Johnson,kevincurtis@example.org,Employee,Solution Consultant,@0Y!SCmy,
660feb0a6f3688dd93b44348,EMP75,Tracy Smith,sara28@example.com,Employee,Developer,K)f0fFpi,
660feb0a6f3688dd93b4434c,EMP79,Andrea Villa,alexandermeagan@example.com,Employee,Developer,QE$5K0i&,
660feb0a6f3688dd93b4434f,EMP82,Stephanie Reeves,halljordan@example.net,Employee,Solution Consultant,)C8IdJ9Z,
660feb0a6f3688dd93b44351,EMP84,Charles Barnes,flowersjesse@example.com,Employee,Data Engineer,*u1mPGMa,
660feb0a6f3688dd93b44354,EMP87,Benjamin Massey,kleinmonica@example.com,Employee,Software Engineer,vJNk@8Il,
660feb0a6f3688dd93b4435a,EMP93,Meredith Macias,combsdana@example.net,Employee,Manager,)m7q@_Bg,
660feb0a6f3688dd93b4435b,EMP94,Cory Bruce,rzamora@example.com,Employee,Software Engineer,&1OuCB_),
660feb0a6f3688dd93b4435d,EMP96,Brandon Spencer,atkinskylie@example.org,Employee,Software Engineer,(J2kkDza,
660feb0a6f3688dd93b44360,EMP99,Jessica Adams,josecortez@example.net,Employee,Senior Software Engineer,T)6wu6Yf,
660feb0a6f3688dd93b44361,EMP100,Donald Pena,martinezsandra@example.net,Employee,Developer,O&T+8BYe,
660feb0a6f3688dd93b44363,EMP102,Timothy Taylor,mathewsshannon@example.com,Employee,Senior Software Engineer,S_9ZhIv!,
660feb0a6f3688dd93b4436c,EMP111,Maria Castillo,sandra63@example.com,Employee,Data Engineer,j&f4!Xvd,
660feb0a6f3688dd93b44371,EMP116,Sara Martin,collinsjason@example.org,Employee,Developer,k+5QoOdA,
660feb0a6f3688dd93b44372,EMP117,Erin Maynard,dmalone@example.com,Employee,Developer,(7_IBUaI,
660feb0a6f3688dd93b44373,EMP118,Stephen Bowman,elizabeth66@example.net,Employee,Software Engineer,j&99Lvek,
660feb0a6f3688dd93b44379,EMP124,Wendy Taylor,ahutchinson@example.com,Employee,Solution Enabler,u*6PYQ%a,
660feb0a6f3688dd93b4437e,EMP129,Diane Byrd,masonwatkins@example.net,Employee,Developer,K$VFb4Pf,
660feb0a6f3688dd93b4438b,EMP142,David Lawson,sarahrogers@example.net,Employee,Software Engineer,)kx5N_r3,
660feb0a6f3688dd93b4438c,EMP143,Jill Davis,ortizroberto@example.org,Employee,Data Analyst,$6^Ie8it,
660feb0a6f3688dd93b4438e,EMP145,Katherine Robinson MD,knightwilliam@example.org,Employee,Senior Software Engineer,%g4i0R8c,
660feb0a6f3688dd93b44393,EMP150,Beth Harrison,samuelduffy@example.org,Employee,Solution Enabler,#pY5E^Os,
660feb0a6f3688dd93b44396,EMP153,James Lee,gjohnson@example.net,Employee,Senior Software Engineer,QncH@1Oa,
660feb0a6f3688dd93b44397,EMP154,Ashley Diaz,brettbest@example.net,Employee,Software Engineer,(9ZkBf_t,
660feb0a6f3688dd93b4439a,EMP157,Molly Douglas,tatepamela@example.com,Employee,Data Engineer,*!6V1N1s,
660feb0a6f3688dd93b4439b,EMP158,Michael Ross,jeremy00@example.org,Employee,Software Engineer,@7&FoC^t,
660feb0a6f3688dd93b4439d,EMP160,Tracy Miller,richard35@example.net,Employee,Senior Software Engineer,+R(5AoaK,
660feb0a6f3688dd93b443a1,EMP164,Crystal Jones,bryanhunt@example.org,Employee,Manager,%V^44Hl1,
660feb0a6f3688dd93b443a7,EMP170,Carol Hudson,cmcclain@example.org,Employee,Data Engineer,DYP_o6Ez,
660feb0a6f3688dd93b443b3,EMP182,Kelly Pearson,timothyowens@example.net,Employee,Senior Software Engineer,)_h4AMWw,
660feb0a6f3688dd93b443b6,EMP185,Andrew Smith,suzannemiller@example.org,Employee,Data Analyst,!6ZyOVzY,
660feb0a6f3688dd93b443ba,EMP189,Nicole Parker,pconner@example.net,Employee,Solution Consultant,%m1UuyBo,
660feb0a6f3688dd93b443bb,EMP190,Susan Wood,wpeterson@example.org,Employee,Senior Software Engineer,7+tU67Ds,
660feb0a6f3688dd93b443bc,EMP191,Christopher Williams,timothyadkins@example.net,Employee,Software Engineer,(B3&Megg,
660feb0a6f3688dd93b443bf,EMP194,Katie Beltran,barbarasingh@example.net,Employee,Developer,%1detTvj,
660feb0a6f3688dd93b442ce,INT052,Alejandro Sanders,robert94@example.com,Intern,Trainee Engineer,U4F!75Bx,
660feb0a6f3688dd93b442d0,INT054,Sharon Daniel,wgray@example.com,Intern,Trainee Engineer,PYR@7YBj,
660feb0a6f3688dd93b442df,INT069,Michael Foster,jfrench@example.net,Intern,Trainee Engineer,r#9QdTga,
660feb0a6f3688dd93b442e3,INT073,David Brown,hughesmelissa@example.org,Intern,Trainee Engineer,&5by3GTj,
660feb0a6f3688dd93b442e5,INT075,James Martinez,mariah73@example.org,Intern,Trainee Engineer,Rn)u2SYe,
660feb0a6f3688dd93b442e6,INT076,David Jones,marshalltara@example.net,Intern,Trainee Engineer,8z$l39Rn,
660feb0a6f3688dd93b442ec,INT082,Gabriella Graham,taylormary@example.org,Intern,Trainee Engineer,$g10I7jO,
660feb0a6f3688dd93b442ed,INT083,Justin Diaz,robert37@example.net,Intern,Trainee Engineer,+2KE$7kS,
660feb0a6f3688dd93b442ef,INT085,Elizabeth Garza,richardnguyen@example.com,Intern,Trainee Engineer,&w2_gEli,
660feb0a6f3688dd93b442f0,INT086,Sheryl Santana,vanessafrye@example.com,Intern,Trainee Engineer,+%9QWrl1,
660feb0a6f3688dd93b442f7,INT093,Shelby Jackson,rachel70@example.org,Intern,Trainee Engineer,*5@@2Qve,
660feb0a6f3688dd93b442fd,INT099,Seth Washington,crogers@example.com,Intern,Trainee Engineer,L!Z1Gigk,
660feb0a6f3688dd93b442ff,EMP2,Tanya Smith,stevennavarro@example.net,Employee,Solution Consultant,+2CeGuQc,
660feb0a6f3688dd93b44301,EMP4,Cassie Scott,susan38@example.com,Employee,Software Engineer,%1zLD5vX,
660feb0a6f3688dd93b44309,EMP12,Beverly Cardenas,lbaker@example.org,Employee,Data Engineer,*62KrbmO,
660feb0a6f3688dd93b4430a,EMP13,Dr. Brittany Jordan,sanchezkevin@example.com,Employee,Developer,u_b9ZzfX,
660feb0a6f3688dd93b4430f,EMP18,Jessica Salazar,robertmiller@example.org,Employee,Software Engineer,%4nT0YEu,
660feb0a6f3688dd93b44312,EMP21,David Galvan,lisasmith@example.com,Employee,Data Analyst,%0_J#H1o,
660feb0a6f3688dd93b44313,EMP22,Richard Garcia,parksjames@example.com,Employee,Data Engineer,Y)y*0I+d,
660feb0a6f3688dd93b44318,EMP27,Karl Terry,jennifer81@example.com,Employee,Solution Consultant,0_5Rq4yI,
660feb0a6f3688dd93b4431b,EMP30,James Little,whitakerjohn@example.org,Employee,Senior Software Engineer,I^8yG4Fo,
660feb0a6f3688dd93b4431e,EMP33,Matthew Watkins,ramirezchristina@example.com,Employee,Developer,A$g46Wmo,
660feb0a6f3688dd93b44321,EMP36,Maria Daniels,justin72@example.com,Employee,Developer,!77rBNho,
660feb0a6f3688dd93b44328,EMP43,John Munoz,patricia54@example.com,Employee,Senior Software Engineer,%Fx%3R5i,
660feb0a6f3688dd93b4432a,EMP45,Brenda Lucero,jperez@example.net,Employee,Senior Software Engineer,lr$h4RHo,
660feb0a6f3688dd93b4432c,EMP47,Jared Becker,wilsonmichael@example.com,Employee,Manager,(rit5Uc!,
660feb0a6f3688dd93b4432e,EMP49,David Johnson,wsmith@example.org,Employee,Manager,R#c+9Yuy,
660feb0a6f3688dd93b4432f,EMP50,Mariah Mills,evelynreid@example.org,Employee,Senior Software Engineer,!#&v9Bdn,
660feb0a6f3688dd93b44334,EMP55,Joseph Garcia,cynthiacarlson@example.net,Employee,Developer,fg^8mG^u,
660feb0a6f3688dd93b44338,EMP59,Christina Deleon,ofischer@example.net,Employee,Solution Consultant,(9B5tvYc,
660feb0a6f3688dd93b4433e,EMP65,Allison Melton,bryan49@example.com,Employee,Senior Software Engineer,@6fgKBok,
660feb0a6f3688dd93b44340,EMP67,Autumn Frost,zmurphy@example.org,Employee,Developer,^0X5dZk$,
660feb0a6f3688dd93b44343,EMP70,Jessica Freeman,reynoldsvickie@example.com,Employee,Data Engineer,%1VgYmXw,
660feb0a6f3688dd93b44344,EMP71,David Ortiz,woodarddavid@example.org,Employee,Data Engineer,@3Vkmb@U,
660feb0a6f3688dd93b44346,EMP73,Stephen Morrow,michaeljohnson@example.org,Employee,Developer,)!5BO7e2,
660feb0a6f3688dd93b4434a,EMP77,Jerry Castillo MD,uwhite@example.net,Employee,Data Analyst,(z6OKUpg,
660feb0a6f3688dd93b44350,EMP83,Christine Hamilton,debra29@example.org,Employee,Software Engineer,+@839P#d,
660feb0a6f3688dd93b44353,EMP86,Ashley Monroe,chelseamendez@example.org,Employee,Software Engineer,N#3LUljd,
660feb0a6f3688dd93b44364,EMP103,Mr. Timothy Holmes DVM,jeffreyreyes@example.org,Employee,Manager,a%M!9CKh,
660feb0a6f3688dd93b44365,EMP104,Elizabeth Vasquez,igross@example.org,Employee,Senior Software Engineer,g+3xmG7c,
660feb0a6f3688dd93b4436f,EMP114,Adam Snyder,breed@example.net,Employee,Developer,#E0NVJAv,
660feb0a6f3688dd93b44370,EMP115,Carla Nichols,russellrogers@example.org,Employee,Developer,(84B5IJh,
660feb0a6f3688dd93b44374,EMP119,James Mcdaniel MD,howardmichael@example.org,Employee,Developer,&I2sX_aY,
660feb0a6f3688dd93b44375,EMP120,Amy Fernandez,elizabeth57@example.net,Employee,Solution Consultant,&32IX%Es,
660feb0a6f3688dd93b44376,EMP121,Katherine Hull,sarahlove@example.com,Employee,Data Analyst,@4n6LJtK,
660feb0a6f3688dd93b4437a,EMP125,Christopher Lyons,dfranco@example.org,Employee,Manager,)d28RW2v,
660feb0a6f3688dd93b4437d,EMP128,Catherine Kelly,diazkarina@example.com,Employee,Data Engineer,(oR5N2av,
660feb0a6f3688dd93b44380,EMP131,Christopher Thomas,christinadillon@example.com,Employee,Solution Consultant,(hv2WO6x,
660feb0a6f3688dd93b44381,EMP132,Christopher Rice,wtaylor@example.com,Employee,Software Engineer,W!#+3*Na,
660feb0a6f3688dd93b44384,EMP135,Jillian Thomas,williamscrystal@example.org,Employee,Solution Enabler,#NAME?,
660feb0a6f3688dd93b44386,EMP137,Daniel Baker,jonathanhernandez@example.net,Employee,Data Engineer,kQ@!8U2k,
660feb0a6f3688dd93b44389,EMP140,Alison Wood,johnny14@example.com,Employee,Solution Enabler,$O9N(cDO,
660feb0a6f3688dd93b4438d,EMP144,Sandra Duran,rosalesjanice@example.net,Employee,Data Engineer,$Q7Hbyyw,
660feb0a6f3688dd93b4438f,EMP146,Pamela Clements,asmith@example.net,Employee,Data Analyst,5b!5NPpB,
660feb0a6f3688dd93b44391,EMP148,Kimberly Wood,lholden@example.com,Employee,Software Engineer,(7WuHNUc,
660feb0a6f3688dd93b44398,EMP155,Kevin Villanueva,zmartinez@example.net,Employee,Developer,@l0KZb0l,
660feb0a6f3688dd93b443a0,EMP163,Robert Shepherd,amanda88@example.org,Employee,Senior Software Engineer,#y)C2sZp,
660feb0a6f3688dd93b443a2,EMP165,Jessica Reid,carolyn87@example.org,Employee,Software Engineer,@@4UBpWs,
660feb0a6f3688dd93b443a5,EMP168,Derek Francis,zjames@example.org,Employee,Senior Software Engineer,Fu%5aHih,
660feb0a6f3688dd93b443ab,EMP174,Anthony Anderson,jerry20@example.com,Employee,Data Analyst,%g8HjxX@,
660feb0a6f3688dd93b443ad,EMP176,Deborah Lester,emilydavis@example.com,Employee,Manager,Ra@89Gts,
660feb0a6f3688dd93b443b1,EMP180,Kayla Romero,troyperry@example.org,Employee,Developer,#b5vcTFu,
660feb0a6f3688dd93b443b2,EMP181,Donna Sanchez,rlove@example.net,Employee,Developer,a)1QG)dL,
660feb0a6f3688dd93b443b4,EMP183,Rachel Davis,jeffrey40@example.com,Employee,Data Engineer,B#c5zMcb,
660feb0a6f3688dd93b443b5,EMP184,Terrance Matthews,kristinelliott@example.com,Employee,Solution Consultant,C$19BmOq,
660feb0a6f3688dd93b443b8,EMP187,Mr. Matthew Diaz,stephanie20@example.net,Employee,Solution Consultant,5$qH%2Du,
660feb0a6f3688dd93b443b9,EMP188,Briana Gonzalez,natashastevens@example.org,Employee,Software Engineer,h_f+j3My,
660feb0a6f3688dd93b443bd,EMP192,Melissa Woodard,christopher38@example.net,Employee,Senior Software Engineer,po&(4^Mg,
660feb0a6f3688dd93b443c2,EMP197,Aimee Stewart,christopher53@example.net,Employee,Data Analyst,*%16YYlU,
660feb0a6f3688dd93b443c4,EMP199,Lisa Barry,pjimenez@example.com,Employee,Senior Software Engineer,+9qp2LOj,
660feb0a6f3688dd93b442c0,INT038,Eddie Williams Jr.,shannonpierce@example.com,Intern,Trainee Engineer,_5xLdN1+,
660feb0a6f3688dd93b442c2,INT040,Brandon Hammond,kevinharper@example.org,Intern,Trainee Engineer,((6Tky#L,
660feb0a6f3688dd93b442c5,INT043,Lisa Knapp,raymondjones@example.org,Intern,Trainee Engineer,%k3@NWs!,
660feb0a6f3688dd93b442cf,INT053,Mr. Daniel Melendez DVM,robertgonzalez@example.net,Intern,Trainee Engineer,J#l3VIHp,
660feb0a6f3688dd93b442d2,INT056,Colleen Taylor,mary46@example.com,Intern,Trainee Engineer,n^pR1XAy,
660feb0a6f3688dd93b442d3,INT057,Jillian Mitchell,christine90@example.com,Intern,Trainee Engineer,hql$7SBn,
660feb0a6f3688dd93b442d6,INT060,Russell Chandler,barrybonilla@example.com,Intern,Trainee Engineer,I#+8jRt7,
660feb0a6f3688dd93b442d9,INT063,Ryan Stafford,leah84@example.com,Intern,Trainee Engineer,9^h1wQfG,
660feb0a6f3688dd93b442da,INT064,Kimberly Allen,pooledavid@example.net,Intern,Trainee Engineer,$6T9qewk,
660feb0a6f3688dd93b442e2,INT072,Thomas Phillips,arodriguez@example.com,Intern,Trainee Engineer,_A6B2_va,
660feb0a6f3688dd93b442f3,INT089,Kevin Harvey,phester@example.net,Intern,Trainee Engineer,!6EuqZhL,
660feb0a6f3688dd93b442f5,INT091,Marissa Tyler,whitelisa@example.org,Intern,Trainee Engineer,P@^F2jXf,
660feb0a6f3688dd93b442f8,INT094,Evan Randall,sandra97@example.net,Intern,Trainee Engineer,_A!9F2yg,
660feb0a6f3688dd93b442f9,INT095,Ronald Jensen,jessica37@example.org,Intern,Trainee Engineer,*5X9bTBb,
660feb0a6f3688dd93b442fc,INT098,Rhonda Bradley,blairnatasha@example.net,Intern,Trainee Engineer,%3T3BIVk,
660feb0a6f3688dd93b442fe,EMP1,Paula Boyer,yballard@example.com,Employee,Software Engineer,)b4MpFE+,
660feb0a6f3688dd93b44300,EMP3,Benjamin Scott,richardsondarrell@example.net,Employee,Data Engineer,#NAME?,
660feb0a6f3688dd93b44305,EMP8,Kevin Whitaker,walkerheather@example.org,Employee,Developer,Jj!o4Pta,
660feb0a6f3688dd93b44306,EMP9,Daniel Clark,bmartinez@example.org,Employee,Data Engineer,*vpO6TOb,
660feb0a6f3688dd93b4430b,EMP14,Casey Howell,andrew44@example.com,Employee,Data Analyst,3_G0Lz!v,
660feb0a6f3688dd93b44316,EMP25,James Davis,bonniebutler@example.com,Employee,Manager,$&8OZEfl,
660feb0a6f3688dd93b4431d,EMP32,Barbara Burnett,xjimenez@example.com,Employee,Developer,2^(*4Grx,
660feb0a6f3688dd93b44323,EMP38,Joy Turner,jessicajones@example.com,Employee,Developer,!Z9ABLcT,
660feb0a6f3688dd93b44324,EMP39,Becky Kim,jasonlowery@example.net,Employee,Solution Consultant,Y&W*9Wh%,
660feb0a6f3688dd93b44329,EMP44,Marcus Hoffman,wmalone@example.net,Employee,Senior Software Engineer,+5SY)QCr,
660feb0a6f3688dd93b44332,EMP53,Teresa Kelly,dorothylloyd@example.net,Employee,Senior Software Engineer,_$$A0E1j,
660feb0a6f3688dd93b44335,EMP56,Scott Burnett,jwade@example.net,Employee,Developer,(AWa3zAy,
660feb0a6f3688dd93b44336,EMP57,Hannah Mcdaniel,makaylajohnson@example.org,Employee,Data Engineer,bN*v0Abt,
660feb0a6f3688dd93b4433a,EMP61,Christopher Jensen,sandraestrada@example.org,Employee,Solution Consultant,_7Es7gKP,
660feb0a6f3688dd93b4433f,EMP66,Matthew French,idouglas@example.org,Employee,Solution Consultant,!J^D7Q!d,
660feb0a6f3688dd93b44342,EMP69,Philip Wilson,adam72@example.com,Employee,Senior Software Engineer,#88Yt4h5,
660feb0a6f3688dd93b44347,EMP74,Jonathan Park,christopher55@example.com,Employee,Software Engineer,_0ixQg_8,
660feb0a6f3688dd93b4434d,EMP80,Debra Price,mariaburch@example.com,Employee,Software Engineer,$1(hfEed,
660feb0a6f3688dd93b44352,EMP85,Victoria Anthony,mfuentes@example.com,Employee,Solution Enabler,p(zL1Gz6,
660feb0a6f3688dd93b44359,EMP92,Stacy Bailey,elopez@example.net,Employee,Solution Consultant,_j8L7q8e,
660feb0a6f3688dd93b4435c,EMP95,Tina Green,jamessuarez@example.org,Employee,Manager,dx#g0Kp^,
660feb0a6f3688dd93b4435f,EMP98,Makayla Mora,patrick95@example.com,Employee,Solution Enabler,%6^4kUkZ,
660feb0a6f3688dd93b44366,EMP105,Karen Curtis,johncarney@example.org,Employee,Developer,$SI1CQii,
660feb0a6f3688dd93b44368,EMP107,Jonathan Walker,ysloan@example.net,Employee,Data Analyst,$27*^Ra1,
660feb0a6f3688dd93b44369,EMP108,Aaron Estrada,romanjerry@example.org,Employee,Data Engineer,#9FNRKf*,
660feb0a6f3688dd93b4436a,EMP109,Christine Davidson,catherine91@example.com,Employee,Developer,G!k79#Gc,
660feb0a6f3688dd93b4436b,EMP110,Douglas Rodriguez,gentrykimberly@example.org,Employee,Software Engineer,(54Kc9Zq,
660feb0a6f3688dd93b4436d,EMP112,Matthew Harding,kwagner@example.com,Employee,Solution Consultant,2!F9CepF,
660feb0a6f3688dd93b4437b,EMP126,Kyle Rodriguez,cunninghamjohn@example.net,Employee,Manager,T%2Co06*,
660feb0a6f3688dd93b4437c,EMP127,Brad Dixon,taylorkelly@example.net,Employee,Software Engineer,eR&U0@Sp,
660feb0a6f3688dd93b4437f,EMP130,Marissa Smith,william22@example.net,Employee,Data Analyst,^2QJGUTg,
660feb0a6f3688dd93b44383,EMP134,Meredith Miller,lewiskeith@example.net,Employee,Developer,o_%#C2Bz,
660feb0a6f3688dd93b44387,EMP138,Pam Cantu,kristinramos@example.org,Employee,Senior Software Engineer,&y9pJcj7,
660feb0a6f3688dd93b4438a,EMP141,Matthew Griffin,joneskaren@example.net,Employee,Solution Consultant,@8^LuSrJ,
660feb0a6f3688dd93b44390,EMP147,Jennifer Johnson,madeline96@example.net,Employee,Developer,D_o2Pgug,
660feb0a6f3688dd93b4439c,EMP159,Richard Baker,richmichael@example.net,Employee,Data Analyst,%0JJ5RZq,
660feb0a6f3688dd93b4439e,EMP161,Carl Browning,pwaters@example.net,Employee,Developer,+172FHqP,
660feb0a6f3688dd93b4439f,EMP162,Melinda Stone,shariaustin@example.org,Employee,Senior Software Engineer,!kY4PGTg,
660feb0a6f3688dd93b443a3,EMP166,Adam Villanueva,xvilla@example.org,Employee,Senior Software Engineer,F@6LzcJ8,
660feb0a6f3688dd93b443a9,EMP172,Kayla Castro,megan24@example.org,Employee,Senior Software Engineer,!4t4JRqj,
660feb0a6f3688dd93b443aa,EMP173,Tabitha Jarvis,christina77@example.net,Employee,Solution Consultant,h*A2UjSr,
660feb0a6f3688dd93b443af,EMP178,Nathan Robinson,janice25@example.net,Employee,Data Analyst,K%7R2sZy,
660feb0a6f3688dd93b443b0,EMP179,Amy Burns,zesparza@example.com,Employee,Manager,%8EJrc96,
660feb0a6f3688dd93b443be,EMP193,Brandon Park,zwilliamson@example.net,Employee,Data Analyst,LG#p4yVi,
660feb0a6f3688dd93b442c1,INT039,Kiara Weber,candice51@example.com,Intern,Trainee Engineer,#61EVud+,
660feb0a6f3688dd93b442c4,INT042,Adam Ford,carolhart@example.org,Intern,Trainee Engineer,Gj#1dMua,
660feb0a6f3688dd93b442c6,INT044,Allison Howard,eramirez@example.org,Intern,Trainee Engineer,#7WbeakX,
660feb0a6f3688dd93b442c7,INT045,Sheila Vasquez PhD,reevesangelica@example.org,Intern,Trainee Engineer,_7I%YBem,
660feb0a6f3688dd93b442c8,INT046,Alexander Glover,valvarez@example.org,Intern,Trainee Engineer,&K8LUe+q,
660feb0a6f3688dd93b442c9,INT047,Margaret Farrell,hernandezjeremy@example.net,Intern,Trainee Engineer,&)9HX@dK,
660feb0a6f3688dd93b442cd,INT051,James Jensen Jr.,moralesbeth@example.net,Intern,Trainee Engineer,+8FGcq+c,
660feb0a6f3688dd93b442d1,INT055,John Moore,laurie59@example.com,Intern,Trainee Engineer,L*2X2oYV,
660feb0a6f3688dd93b442d5,INT059,Valerie Harper,zachary16@example.net,Intern,Trainee Engineer,@0H)Eqzk,
660feb0a6f3688dd93b442d8,INT062,Mckenzie Nguyen,marythomas@example.org,Intern,Trainee Engineer,!E6A_KWi,
660feb0a6f3688dd93b442db,INT065,Charles Brown,qvasquez@example.org,Intern,Trainee Engineer,#6KJl5gP,
660feb0a6f3688dd93b442de,INT068,Henry Diaz,christinewise@example.net,Intern,Trainee Engineer,&7(PiaOj,
660feb0a6f3688dd93b442e0,INT070,Michelle Jones,ataylor@example.com,Intern,Trainee Engineer,!1A(mtCH,
660feb0a6f3688dd93b442e4,INT074,Steven Ward,robert16@example.net,Intern,Trainee Engineer,z6@k5Zj7,
660feb0a6f3688dd93b442e8,INT078,Ronald Peterson,jeffrey10@example.net,Intern,Trainee Engineer,^*9BSsH^,
660feb0a6f3688dd93b442e9,INT079,Dawn Bryant,bbowman@example.org,Intern,Trainee Engineer,z4T(4pAo,
660feb0a6f3688dd93b442ea,INT080,Thomas Palmer,richard22@example.org,Intern,Trainee Engineer,nl@$5IXe,
660feb0a6f3688dd93b442eb,INT081,Brent Jones,valeriemendez@example.org,Intern,Trainee Engineer,!t8!g3Fx,
660feb0a6f3688dd93b442ee,INT084,Joseph Barnes,rhendrix@example.net,Intern,Trainee Engineer,_i5SbRrh,
660feb0a6f3688dd93b442f1,INT087,Laura Carter,angelrobertson@example.net,Intern,Trainee Engineer,R_@4EC$s,
660feb0a6f3688dd93b442f6,INT092,Vanessa Washington,gardnercory@example.org,Intern,Trainee Engineer,^f4ERDbQ,
660feb0a6f3688dd93b442fb,INT097,Joshua Hayes,wintersoscar@example.net,Intern,Trainee Engineer,@9_zsBKm,
660feb0a6f3688dd93b44302,EMP5,Joanna Martin,leeanthony@example.org,Employee,Data Analyst,P$V9Xg@q,
660feb0a6f3688dd93b44308,EMP11,Lori Sellers,fcross@example.com,Employee,Manager,#8EjXLFR,
660feb0a6f3688dd93b4430d,EMP16,Amy Mercer,lori57@example.org,Employee,Data Analyst,B%63TJpo,
660feb0a6f3688dd93b44310,EMP19,Samantha Phillips,rickydouglas@example.org,Employee,Software Engineer,%U74ZdCz,
660feb0a6f3688dd93b44314,EMP23,Cody Chambers,chawkins@example.com,Employee,Senior Software Engineer,C%p3TkzN,
660feb0a6f3688dd93b44317,EMP26,Kelly Lozano,ugarrett@example.com,Employee,Developer,#@9CJitU,
660feb0a6f3688dd93b44319,EMP28,Kimberly Frank,ashleysandoval@example.net,Employee,Developer,%82Essz1,
660feb0a6f3688dd93b4431c,EMP31,Thomas Moon,gonzalesrhonda@example.com,Employee,Senior Software Engineer,p#3JKpgC,
660feb0a6f3688dd93b4431f,EMP34,Aaron Nelson,iscott@example.org,Employee,Developer,oF#T2bOo,
660feb0a6f3688dd93b44320,EMP35,Krista Murphy,campbelljulie@example.com,Employee,Solution Enabler,!B0kLapo,
660feb0a6f3688dd93b44322,EMP37,Tonya Stephenson,ygrant@example.com,Employee,Manager,*&_lN3Oz,
660feb0a6f3688dd93b44326,EMP41,Diana Dodson,ymckenzie@example.org,Employee,Data Analyst,+9YqUD_z,
660feb0a6f3688dd93b44327,EMP42,Jordan Evans,janecampbell@example.com,Employee,Software Engineer,l@#0Qatv,
660feb0a6f3688dd93b4432b,EMP46,Pamela Garner,gregoryrodgers@example.net,Employee,Data Analyst,mL*$3!Hx,
660feb0a6f3688dd93b44331,EMP52,Robyn Smith,collinsmatthew@example.com,Employee,Developer,k@7FDPpu,
660feb0a6f3688dd93b44333,EMP54,Carlos Davidson,brent48@example.net,Employee,Developer,@Z2&9^Gb,
660feb0a6f3688dd93b4433b,EMP62,Kevin Elliott,zmatthews@example.com,Employee,Developer,nz#S3IUe,
660feb0a6f3688dd93b4433c,EMP63,Kenneth Clarke,fwebb@example.com,Employee,Software Engineer,Q$F3M^gK,
660feb0a6f3688dd93b4433d,EMP64,Jennifer Allen,benjaminhenry@example.org,Employee,Data Engineer,%8wTdlP6,
660feb0a6f3688dd93b44349,EMP76,Steven Ross,lamberttracy@example.com,Employee,Software Engineer,(J3KBt+r,
660feb0a6f3688dd93b4434b,EMP78,Crystal Oneal,gregorycastillo@example.com,Employee,Senior Software Engineer,+6R8dgsL,
660feb0a6f3688dd93b4434e,EMP81,David Lloyd,shermanchristina@example.org,Employee,Manager,MD$G1qLc,
660feb0a6f3688dd93b44355,EMP88,Kyle Hawkins,andersonnicole@example.com,Employee,Developer,9%P5YLcz,
660feb0a6f3688dd93b44356,EMP89,Yvonne Williams,johnsonmelanie@example.net,Employee,Senior Software Engineer,P__$e8Kl,
660feb0a6f3688dd93b44357,EMP90,Marco Bennett,johncollins@example.com,Employee,Data Analyst,_N*v7ZPp,
660feb0a6f3688dd93b44358,EMP91,Paul Roman,antoniomiller@example.com,Employee,Senior Software Engineer,V_S2E2yP,
660feb0a6f3688dd93b4435e,EMP97,Robert Pope,alevine@example.net,Employee,Data Engineer,2#)AL0Kn,
660feb0a6f3688dd93b44362,EMP101,Eric Brady,carolyncarroll@example.org,Employee,Software Engineer,!(20MESf,
660feb0a6f3688dd93b44367,EMP106,Jennifer Smith DVM,ngibson@example.net,Employee,Senior Software Engineer,3Yc@_2Hu,
660feb0a6f3688dd93b4436e,EMP113,Erica Pearson,gregorygray@example.org,Employee,Developer,Mf#8(4Sd,
660feb0a6f3688dd93b44377,EMP122,Julie Keller,william64@example.org,Employee,Developer,$8bjPW8v,
660feb0a6f3688dd93b44378,EMP123,Joshua Sloan,michaelcross@example.net,Employee,Data Engineer,ZX!!8VZk,
660feb0a6f3688dd93b44382,EMP133,Mallory Norman,rebecca27@example.org,Employee,Senior Software Engineer,$kc9KC%s,
660feb0a6f3688dd93b44385,EMP136,Anna Steele,churchanna@example.org,Employee,Data Analyst,j*8z4MVv,
660feb0a6f3688dd93b44388,EMP139,Jeremy Sanchez,wendyjones@example.com,Employee,Data Analyst,h^#_4Iu*,
660feb0a6f3688dd93b44392,EMP149,Paul Brown,stevensmith@example.net,Employee,Data Engineer,&$4(I9Qt,
660feb0a6f3688dd93b44394,EMP151,Peter Owen,rebecca77@example.org,Employee,Developer,^J1i0gLi,
660feb0a6f3688dd93b44395,EMP152,Valerie York,george26@example.com,Employee,Solution Consultant,)0LJspko,
660feb0a6f3688dd93b44399,EMP156,Joseph Moreno,lindsayford@example.org,Employee,Solution Enabler,af+3bLOp,
660feb0a6f3688dd93b443a4,EMP167,Ryan Mack,lewismatthew@example.org,Employee,Developer,qyD$2XNu,
660feb0a6f3688dd93b443a6,EMP169,Richard Stone,jayjones@example.net,Employee,Senior Software Engineer,HG!4D1hu,
660feb0a6f3688dd93b443a8,EMP171,Veronica Smith,smithjose@example.net,Employee,Data Analyst,^4Z4%Zlp,
660feb0a6f3688dd93b443ac,EMP175,Sherri Harris,nathanielwright@example.net,Employee,Data Engineer,+7TXScd4,
660feb0a6f3688dd93b443ae,EMP177,Christine Morales MD,kaylathomas@example.org,Employee,Manager,^7KLa$d1,
660feb0a6f3688dd93b443b7,EMP186,Jacob Johnson,millerjeffrey@example.org,Employee,Senior Software Engineer,&b1jXo$l,
660feb0a6f3688dd93b443c0,EMP195,Dylan Allen,phoffman@example.com,Employee,Data Analyst,%7OZt+vw,
660feb0a6f3688dd93b443c1,EMP196,Jeffrey Barnett,thomasmoody@example.net,Employee,Data Analyst,#NAME?,
660feb0a6f3688dd93b443c3,EMP198,Danny Snyder,markmitchell@example.org,Employee,Data Engineer,!!o$5D@q,
660fee3f05e14882efb0afc6,EMP500,Manisha Bhandari,manishabhandari119@gmail.com,Admin,Solution Enabler,1234,
661224230ccdccd17b1e084c,INT200,Manisha Bhandari,manishabhandari@jmangroup.com,Intern,Trainee Engineer,hello,0.0
6613726b575d5b967ace46b4,INT800,isita,ishita@gmail.com,Intern,Trainee Engineer,hello,0.0
