Name,Difficulty_Level,Trainers,Trainer_Experience,Total_Hours,Total_Trainee
Data Analysis,basic,1.0,2.0,3.0,9.0
Cybersecurity,basic,1.0,2.0,4.0,18.0
Technical Writing,basic,1.0,3.0,3.0,27.0
Troubleshooting,basic,1.0,3.0,4.0,9.0
Troubleshooting,basic,2.0,4.0,3.0,18.0
Flask,basic,2.0,1.0,5.0,54.0
MySQL,basic,2.0,2.0,4.0,36.0
DevOps,basic,1.0,1.0,5.0,27.0
Collaboration,basic,2.0,4.0,3.0,18.0
Swift,basic,2.0,1.0,4.0,72.0
Accessibility,basic,2.0,1.0,5.0,72.0
Documentation,basic,2.0,3.0,4.0,18.0
Microservices,basic,2.0,1.0,4.0,18.0
Statistical Analysis,basic,2.0,4.0,4.0,36.0
Continuous Integration,basic,2.0,2.0,2.0,18.0
Kubernetes,basic,1.0,1.0,5.0,18.0
Data Science Basics,basic,1.0,4.0,4.0,9.0
Flask,basic,1.0,3.0,4.0,18.0
MongoDB,basic,1.0,2.0,5.0,27.0
Communication,basic,2.0,4.0,4.0,72.0
Cybersecurity,basic,2.0,1.0,4.0,36.0
Technical Writing,basic,1.0,2.0,2.0,36.0
Penetration Testing,basic,2.0,3.0,3.0,54.0
RESTful API,basic,1.0,1.0,2.0,18.0
NoSQL,basic,1.0,1.0,5.0,27.0
NoSQL,basic,2.0,1.0,4.0,36.0
C#,basic,1.0,3.0,2.0,36.0
Microservices,basic,2.0,2.0,2.0,54.0
Agile Methodologies,basic,1.0,4.0,4.0,9.0
Documentation,basic,2.0,1.0,5.0,54.0
Flask,basic,1.0,1.0,3.0,18.0
Responsive Design,basic,1.0,1.0,5.0,36.0
Agile Methodologies,basic,1.0,1.0,4.0,9.0
CI/CD,basic,1.0,2.0,4.0,9.0
Machine Learning Fundamentals,basic,2.0,4.0,3.0,54.0
Git,basic,2.0,3.0,3.0,54.0
Behavior-Driven Development,basic,2.0,3.0,4.0,18.0
Deep Learning Concepts,basic,1.0,2.0,5.0,27.0
User Research,basic,2.0,1.0,3.0,72.0
Google Cloud Platform,basic,1.0,2.0,4.0,9.0
Test-Driven Development,basic,2.0,2.0,3.0,18.0
Python,basic,1.0,2.0,5.0,27.0
Python,basic,1.0,4.0,4.0,27.0
DevOps,basic,1.0,4.0,5.0,18.0
Wireframing,basic,1.0,2.0,2.0,27.0
Angular,basic,2.0,2.0,3.0,18.0
Continuous Deployment,basic,2.0,4.0,3.0,18.0
Ruby,basic,2.0,2.0,4.0,36.0
React,basic,1.0,4.0,4.0,18.0
Artificial Intelligence,basic,2.0,4.0,2.0,18.0
Accessibility,basic,1.0,3.0,4.0,18.0
CI/CD,basic,1.0,3.0,3.0,9.0
JavaScript,basic,2.0,4.0,5.0,54.0
Documentation,basic,2.0,2.0,4.0,18.0
Machine Learning,basic,2.0,2.0,2.0,36.0
Responsive Design,basic,1.0,2.0,5.0,27.0
Behavior-Driven Development,basic,2.0,3.0,3.0,18.0
Kotlin,basic,2.0,1.0,4.0,18.0
Statistical Analysis,basic,1.0,4.0,2.0,18.0
Python,basic,2.0,1.0,4.0,36.0
C#,basic,1.0,1.0,3.0,36.0
Wireframing,basic,2.0,2.0,4.0,18.0
Swift,basic,2.0,1.0,3.0,54.0
Artificial Intelligence,basic,1.0,2.0,2.0,18.0
Deep Learning Concepts,basic,1.0,1.0,2.0,27.0
Problem Solving,basic,2.0,4.0,3.0,72.0
Vue.js,basic,2.0,3.0,2.0,36.0
Problem Solving,basic,1.0,3.0,4.0,27.0
Cybersecurity,basic,2.0,2.0,2.0,18.0
CSS,basic,2.0,1.0,5.0,54.0
Big Data Analytics,basic,2.0,1.0,3.0,18.0
UI/UX Design,basic,2.0,1.0,4.0,54.0
.NET,basic,2.0,1.0,2.0,18.0
MongoDB,basic,2.0,1.0,4.0,18.0
Accessibility,basic,1.0,4.0,5.0,27.0
Git,basic,1.0,3.0,2.0,18.0
Objective-C,basic,2.0,2.0,2.0,18.0
Network Security,basic,1.0,1.0,3.0,36.0
Penetration Testing,basic,2.0,3.0,2.0,54.0
Communication,basic,1.0,4.0,3.0,36.0
Machine Learning,basic,1.0,4.0,2.0,9.0
Behavior-Driven Development,basic,2.0,4.0,4.0,18.0
Technical Writing,basic,2.0,4.0,5.0,54.0
Communication,basic,2.0,1.0,5.0,72.0
Python,basic,2.0,3.0,2.0,18.0
Cryptography,basic,2.0,2.0,4.0,72.0
DevOps,basic,1.0,1.0,3.0,18.0
Test-Driven Development,basic,2.0,4.0,5.0,54.0
Network Security,basic,2.0,4.0,5.0,18.0
CSS,basic,2.0,4.0,2.0,54.0
Artificial Intelligence,basic,1.0,4.0,4.0,36.0
MySQL,basic,1.0,1.0,2.0,27.0
Python for Data Science,basic,2.0,3.0,4.0,72.0
Python,basic,2.0,2.0,2.0,72.0
Java,basic,1.0,3.0,5.0,18.0
Data Science,basic,2.0,3.0,4.0,54.0
Accessibility,basic,2.0,2.0,4.0,72.0
Git,basic,2.0,4.0,2.0,54.0
Product Management,basic,1.0,4.0,2.0,27.0
HTML,basic,1.0,1.0,4.0,27.0
User Stories,basic,1.0,1.0,3.0,27.0
Behavior-Driven Development,basic,2.0,3.0,5.0,18.0
Troubleshooting,basic,1.0,2.0,3.0,36.0
Statistical Analysis,basic,1.0,2.0,3.0,27.0
MongoDB,basic,1.0,1.0,3.0,9.0
Cryptography,basic,1.0,4.0,2.0,9.0
Azure,basic,1.0,1.0,4.0,18.0
C#,basic,1.0,3.0,3.0,18.0
Machine Learning,basic,2.0,1.0,3.0,54.0
Accessibility,basic,2.0,4.0,5.0,36.0
Documentation,basic,2.0,2.0,5.0,18.0
DevOps,basic,1.0,3.0,3.0,36.0
Java,basic,1.0,4.0,5.0,27.0
Data Science,basic,2.0,3.0,3.0,36.0
Kotlin,basic,2.0,2.0,5.0,72.0
HTML,basic,2.0,1.0,4.0,18.0
Information Security,basic,1.0,1.0,2.0,18.0
Agile Methodologies,basic,2.0,2.0,4.0,54.0
Prototyping,basic,1.0,1.0,3.0,18.0
Python,basic,2.0,1.0,3.0,54.0
Continuous Deployment,basic,1.0,3.0,3.0,27.0
NoSQL,basic,2.0,1.0,3.0,36.0
Statistical Analysis,basic,2.0,1.0,4.0,54.0
Artificial Intelligence,basic,2.0,2.0,2.0,54.0
Interaction Design,basic,1.0,4.0,3.0,27.0
Agile Product Management,basic,2.0,2.0,4.0,72.0
GraphQL,basic,1.0,2.0,5.0,27.0
Docker,basic,1.0,2.0,3.0,18.0
HTML,basic,2.0,2.0,5.0,54.0
CSS,basic,1.0,4.0,3.0,27.0
Objective-C,basic,2.0,2.0,3.0,54.0
Containerization,basic,1.0,3.0,4.0,36.0
Data Science Basics,basic,1.0,1.0,2.0,27.0
NoSQL,basic,2.0,3.0,4.0,18.0
Data Science Basics,basic,1.0,1.0,4.0,18.0
AWS,basic,1.0,4.0,5.0,18.0
Support,basic,1.0,4.0,4.0,36.0
UI/UX Design,basic,1.0,2.0,4.0,9.0
Troubleshooting,basic,1.0,4.0,4.0,18.0
Requirements Analysis,basic,1.0,1.0,2.0,9.0
C#,basic,1.0,4.0,5.0,18.0
React,basic,1.0,3.0,3.0,36.0
Troubleshooting,basic,1.0,1.0,3.0,18.0
Kotlin,basic,2.0,4.0,5.0,72.0
Deep Learning Concepts,basic,1.0,4.0,5.0,36.0
Interaction Design,basic,2.0,4.0,4.0,54.0
PHP,basic,2.0,1.0,5.0,18.0
Docker,basic,1.0,2.0,4.0,36.0
RESTful API,basic,2.0,4.0,4.0,18.0
MySQL,basic,2.0,4.0,3.0,36.0
Kubernetes,basic,2.0,3.0,5.0,18.0
Agile Product Management,basic,1.0,2.0,3.0,27.0
Requirements Analysis,basic,1.0,4.0,5.0,18.0
Scrum,basic,2.0,4.0,3.0,36.0
Agile Methodologies,basic,2.0,2.0,4.0,54.0
Collaboration,basic,2.0,2.0,4.0,18.0
CI/CD,basic,2.0,1.0,3.0,18.0
Objective-C,basic,1.0,1.0,4.0,18.0
Leadership,basic,2.0,4.0,2.0,36.0
Interaction Design,basic,1.0,3.0,3.0,27.0
Docker,basic,2.0,1.0,3.0,18.0
Machine Learning,basic,1.0,1.0,5.0,9.0
SQL,basic,1.0,4.0,4.0,9.0
Containerization,basic,1.0,3.0,2.0,27.0
Prototyping,basic,1.0,2.0,5.0,27.0
Kotlin,basic,2.0,3.0,3.0,36.0
Continuous Deployment,basic,2.0,4.0,2.0,72.0
JavaScript,basic,2.0,3.0,2.0,72.0
Data Analysis,basic,2.0,4.0,4.0,36.0
Docker,basic,2.0,4.0,3.0,36.0
Troubleshooting,basic,1.0,1.0,5.0,36.0
CSS,basic,2.0,4.0,2.0,36.0
Big Data Analytics,basic,1.0,3.0,3.0,36.0
Behavior-Driven Development,basic,2.0,3.0,4.0,18.0
Requirements Analysis,basic,1.0,1.0,3.0,9.0
Communication,basic,2.0,4.0,4.0,18.0
Data Science,basic,1.0,3.0,3.0,9.0
Agile Methodologies,basic,2.0,2.0,5.0,54.0
Kotlin,basic,2.0,1.0,3.0,54.0
Java,basic,1.0,4.0,5.0,9.0
Prototyping,basic,1.0,2.0,4.0,18.0
Continuous Integration,basic,1.0,3.0,2.0,9.0
Google Cloud Platform,basic,2.0,2.0,2.0,36.0
HTML,basic,2.0,2.0,5.0,54.0
Azure,basic,2.0,1.0,3.0,72.0
Git,basic,1.0,2.0,3.0,27.0
Wireframing,basic,1.0,2.0,3.0,36.0
Information Security,basic,2.0,4.0,2.0,36.0
Statistical Analysis,basic,1.0,2.0,4.0,9.0
MongoDB,basic,1.0,4.0,4.0,36.0
Wireframing,basic,2.0,3.0,4.0,72.0
RESTful API,basic,1.0,1.0,2.0,9.0
Troubleshooting,basic,1.0,2.0,4.0,18.0
Behavior-Driven Development,basic,1.0,2.0,5.0,9.0
Microservices,basic,2.0,4.0,5.0,18.0
Flask,basic,1.0,4.0,2.0,27.0
Python for Data Science,basic,2.0,1.0,3.0,36.0
Machine Learning,basic,1.0,2.0,4.0,36.0
Git,basic,2.0,3.0,4.0,18.0
CSS,basic,1.0,1.0,5.0,27.0
Node.js,basic,2.0,3.0,4.0,54.0
UI/UX Design,basic,1.0,2.0,5.0,18.0
RESTful API,basic,2.0,3.0,4.0,54.0
Python,basic,1.0,2.0,4.0,36.0
Machine Learning Fundamentals,basic,1.0,3.0,6.0,27.0
CSS,basic,2.0,4.0,5.0,54.0
Requirements Analysis,basic,1.0,1.0,6.0,18.0
Troubleshooting,basic,1.0,1.0,4.0,9.0
PHP,basic,2.0,2.0,5.0,54.0
Python for Data Science,basic,1.0,2.0,5.0,36.0
Interaction Design,basic,2.0,2.0,5.0,36.0
User Stories,basic,1.0,3.0,5.0,27.0
Interaction Design,basic,1.0,2.0,5.0,27.0
Network Security,basic,2.0,1.0,5.0,36.0
Ruby,basic,1.0,2.0,4.0,36.0
Responsive Design,basic,1.0,1.0,5.0,36.0
Flask,basic,2.0,3.0,4.0,72.0
User Stories,basic,2.0,1.0,6.0,54.0
Scrum,basic,1.0,4.0,4.0,27.0
React,basic,1.0,1.0,6.0,36.0
PHP,basic,2.0,4.0,5.0,18.0
Leadership,basic,1.0,3.0,4.0,36.0
User Stories,basic,2.0,1.0,4.0,36.0
Git,basic,2.0,3.0,4.0,54.0
Node.js,basic,1.0,3.0,6.0,18.0
PostgreSQL,basic,2.0,4.0,5.0,36.0
GraphQL,basic,2.0,3.0,4.0,18.0
Azure,basic,1.0,1.0,6.0,9.0
Cybersecurity,basic,2.0,4.0,4.0,72.0
Kotlin,basic,1.0,3.0,4.0,9.0
GraphQL,basic,1.0,2.0,4.0,27.0
Test-Driven Development,basic,1.0,4.0,4.0,27.0
Prototyping,basic,2.0,1.0,6.0,54.0
Behavior-Driven Development,basic,1.0,1.0,5.0,27.0
Leadership,basic,1.0,2.0,5.0,27.0
Product Management,basic,1.0,4.0,4.0,36.0
Continuous Integration,basic,1.0,2.0,6.0,27.0
Problem Solving,basic,2.0,4.0,5.0,72.0
Wireframing,basic,2.0,4.0,5.0,36.0
Objective-C,basic,1.0,2.0,4.0,18.0
NoSQL,basic,2.0,2.0,4.0,18.0
Django,basic,2.0,4.0,6.0,54.0
Communication,basic,2.0,3.0,5.0,36.0
JavaScript,basic,1.0,4.0,4.0,36.0
RESTful API,basic,2.0,1.0,6.0,72.0
Angular,basic,2.0,1.0,6.0,72.0
Containerization,basic,2.0,2.0,6.0,18.0
PostgreSQL,basic,2.0,4.0,5.0,72.0
GraphQL,basic,2.0,3.0,5.0,18.0
NoSQL,basic,1.0,3.0,5.0,36.0
React,basic,2.0,2.0,6.0,18.0
MongoDB,basic,2.0,2.0,6.0,18.0
Machine Learning Fundamentals,basic,1.0,2.0,4.0,18.0
Troubleshooting,basic,1.0,2.0,4.0,18.0
Agile Product Management,basic,1.0,3.0,5.0,36.0
Machine Learning,basic,1.0,1.0,5.0,18.0
Containerization,basic,2.0,3.0,4.0,18.0
Agile Product Management,basic,2.0,1.0,5.0,18.0
Information Security,basic,2.0,1.0,4.0,54.0
Containerization,basic,2.0,1.0,4.0,54.0
Product Management,basic,2.0,3.0,4.0,18.0
RESTful API,basic,1.0,4.0,6.0,18.0
Continuous Integration,basic,2.0,2.0,5.0,18.0
PHP,basic,1.0,2.0,6.0,36.0
Microservices,basic,1.0,4.0,5.0,27.0
RESTful API,basic,1.0,3.0,6.0,27.0
Documentation,basic,2.0,3.0,5.0,36.0
Git,basic,2.0,4.0,5.0,18.0
Data Science Basics,basic,1.0,1.0,4.0,27.0
Python,basic,1.0,3.0,6.0,18.0
Continuous Integration,basic,1.0,1.0,6.0,27.0
Business Analysis,basic,1.0,3.0,5.0,18.0
AWS,basic,1.0,4.0,6.0,27.0
Vue.js,basic,1.0,2.0,5.0,36.0
Machine Learning,basic,2.0,2.0,5.0,54.0
Ruby,basic,1.0,2.0,4.0,9.0
Data Science,basic,1.0,3.0,5.0,18.0
Communication,basic,1.0,4.0,6.0,18.0
NoSQL,basic,1.0,1.0,4.0,27.0
PostgreSQL,basic,1.0,2.0,5.0,9.0
Kotlin,basic,2.0,1.0,4.0,54.0
Kotlin,basic,1.0,2.0,4.0,27.0
Scrum,basic,2.0,1.0,5.0,54.0
Node.js,basic,1.0,3.0,6.0,36.0
AWS,basic,1.0,3.0,5.0,18.0
Network Security,basic,2.0,1.0,5.0,18.0
Leadership,basic,1.0,3.0,5.0,36.0
Prototyping,basic,2.0,1.0,5.0,72.0
MySQL,basic,2.0,3.0,5.0,54.0
HTML,basic,2.0,3.0,6.0,54.0
Django,basic,2.0,1.0,4.0,54.0
Java,basic,2.0,2.0,6.0,36.0
Angular,basic,2.0,2.0,5.0,54.0
Continuous Deployment,basic,1.0,4.0,4.0,36.0
Continuous Deployment,basic,2.0,4.0,4.0,36.0
Documentation,basic,1.0,2.0,4.0,36.0
Product Management,basic,1.0,1.0,6.0,18.0
DevOps,basic,2.0,4.0,6.0,36.0
Angular,basic,2.0,2.0,6.0,36.0
Angular,basic,2.0,3.0,5.0,72.0
Continuous Deployment,basic,1.0,2.0,6.0,18.0
Behavior-Driven Development,basic,2.0,4.0,6.0,72.0
Penetration Testing,basic,2.0,3.0,6.0,18.0
Flask,basic,1.0,2.0,4.0,36.0
React,basic,2.0,2.0,4.0,72.0
Penetration Testing,basic,1.0,1.0,5.0,18.0
Docker,basic,2.0,3.0,4.0,36.0
HTML,basic,1.0,3.0,5.0,27.0
CSS,basic,2.0,3.0,4.0,18.0
Kotlin,basic,1.0,2.0,5.0,9.0
Objective-C,basic,2.0,2.0,5.0,54.0
AWS,basic,2.0,4.0,4.0,72.0
Collaboration,basic,1.0,1.0,4.0,36.0
Cybersecurity,basic,2.0,4.0,6.0,36.0
MySQL,basic,2.0,1.0,6.0,18.0
MongoDB,basic,1.0,4.0,5.0,18.0
Artificial Intelligence,basic,1.0,1.0,5.0,27.0
Responsive Design,basic,2.0,4.0,5.0,18.0
Ruby,basic,1.0,2.0,4.0,18.0
User Research,basic,2.0,1.0,4.0,18.0
Problem Solving,basic,2.0,3.0,6.0,18.0
Kotlin,basic,1.0,1.0,4.0,18.0
NoSQL,basic,1.0,4.0,5.0,18.0
Kotlin,basic,2.0,2.0,6.0,18.0
Kubernetes,basic,1.0,1.0,4.0,27.0
Data Visualization,basic,2.0,3.0,5.0,72.0
Vue.js,basic,1.0,3.0,4.0,9.0
Continuous Deployment,basic,2.0,3.0,4.0,54.0
Information Security,basic,2.0,2.0,4.0,18.0
PHP,basic,2.0,3.0,5.0,36.0
Git,basic,2.0,1.0,5.0,54.0
CSS,basic,2.0,4.0,4.0,54.0
Statistical Analysis,basic,2.0,4.0,5.0,18.0
RESTful API,basic,2.0,1.0,4.0,72.0
HTML,basic,1.0,4.0,6.0,9.0
Angular,basic,1.0,3.0,5.0,36.0
Leadership,basic,1.0,2.0,4.0,27.0
.NET,basic,2.0,4.0,4.0,72.0
Behavior-Driven Development,basic,1.0,3.0,4.0,18.0
UI/UX Design,basic,1.0,4.0,6.0,36.0
Node.js,basic,1.0,1.0,5.0,36.0
Information Security,basic,1.0,1.0,4.0,27.0
Information Security,basic,2.0,4.0,4.0,72.0
RESTful API,basic,2.0,4.0,4.0,54.0
User Research,basic,1.0,3.0,5.0,18.0
Kotlin,basic,2.0,4.0,6.0,36.0
Troubleshooting,basic,2.0,2.0,6.0,18.0
User Research,basic,2.0,4.0,4.0,18.0
Problem Solving,basic,2.0,1.0,4.0,18.0
Responsive Design,basic,2.0,2.0,5.0,36.0
Kotlin,basic,1.0,4.0,4.0,36.0
CSS,basic,2.0,3.0,6.0,54.0
Continuous Integration,basic,1.0,4.0,5.0,18.0
Node.js,basic,2.0,1.0,5.0,72.0
RESTful API,basic,1.0,1.0,4.0,9.0
Kotlin,basic,1.0,1.0,6.0,27.0
Python for Data Science,basic,2.0,1.0,5.0,18.0
Kotlin,basic,1.0,4.0,5.0,27.0
PHP,basic,2.0,1.0,4.0,72.0
Agile Product Management,basic,1.0,1.0,6.0,18.0
Business Analysis,basic,1.0,3.0,6.0,9.0
Product Management,basic,2.0,4.0,5.0,36.0
JavaScript,basic,1.0,1.0,6.0,36.0
SQL,basic,2.0,1.0,4.0,72.0
Wireframing,basic,1.0,3.0,4.0,36.0
Google Cloud Platform,basic,2.0,1.0,5.0,36.0
Technical Writing,basic,1.0,1.0,5.0,18.0
Python for Data Science,basic,1.0,3.0,6.0,27.0
Django,basic,2.0,1.0,4.0,36.0
Kotlin,basic,2.0,1.0,6.0,36.0
Information Security,basic,1.0,3.0,6.0,36.0
User Research,basic,2.0,1.0,5.0,54.0
.NET,basic,1.0,3.0,4.0,18.0
CSS,basic,1.0,1.0,4.0,18.0
Google Cloud Platform,basic,1.0,4.0,6.0,36.0
Accessibility,basic,2.0,4.0,4.0,36.0
Documentation,basic,2.0,1.0,4.0,72.0
Big Data Analytics,basic,2.0,4.0,6.0,54.0
Kotlin,basic,1.0,4.0,5.0,36.0
Kubernetes,basic,1.0,4.0,5.0,36.0
Kotlin,basic,1.0,3.0,5.0,27.0
Test-Driven Development,basic,2.0,4.0,6.0,18.0
JavaScript,basic,1.0,2.0,4.0,36.0
PHP,basic,2.0,3.0,6.0,36.0
JavaScript,basic,2.0,2.0,6.0,72.0
PHP,basic,2.0,4.0,5.0,54.0
Scrum,basic,2.0,4.0,4.0,36.0
Scrum,basic,2.0,2.0,5.0,54.0
Data Analysis,basic,1.0,1.0,4.0,36.0
Containerization,basic,1.0,4.0,4.0,27.0
Data Science Basics,basic,1.0,3.0,5.0,27.0
Agile Methodologies,basic,1.0,2.0,5.0,9.0
Git,basic,2.0,2.0,6.0,72.0
Problem Solving,basic,2.0,4.0,4.0,72.0
CI/CD,basic,2.0,2.0,4.0,72.0
PostgreSQL,basic,1.0,2.0,4.0,36.0
Technical Writing,basic,1.0,3.0,4.0,18.0
CI/CD,basic,2.0,1.0,4.0,54.0
.NET,basic,1.0,1.0,6.0,36.0
Information Security,basic,1.0,2.0,4.0,18.0
Git,medium,3.0,4.0,7.0,27.0
Artificial Intelligence,medium,2.0,4.0,9.0,18.0
Penetration Testing,medium,3.0,5.0,8.0,81.0
Deep Learning Concepts,medium,2.0,6.0,7.0,54.0
Interaction Design,medium,2.0,6.0,9.0,18.0
Data Science,medium,2.0,6.0,7.0,36.0
Docker,medium,2.0,4.0,9.0,18.0
MySQL,medium,1.0,5.0,9.0,27.0
SQL,medium,1.0,3.0,6.0,27.0
Business Analysis,medium,3.0,6.0,8.0,27.0
RESTful API,medium,3.0,4.0,9.0,108.0
Continuous Integration,medium,1.0,5.0,7.0,18.0
Penetration Testing,medium,2.0,5.0,8.0,36.0
Containerization,medium,3.0,6.0,8.0,81.0
Kotlin,medium,3.0,5.0,8.0,81.0
Interaction Design,medium,1.0,5.0,6.0,27.0
Business Analysis,medium,3.0,4.0,9.0,27.0
C#,medium,1.0,3.0,9.0,27.0
Agile Methodologies,medium,2.0,5.0,9.0,54.0
Documentation,medium,3.0,3.0,9.0,81.0
Documentation,medium,2.0,5.0,7.0,36.0
DevOps,medium,2.0,5.0,9.0,36.0
Kubernetes,medium,1.0,5.0,8.0,36.0
Big Data Analytics,medium,2.0,6.0,9.0,72.0
Data Science Basics,medium,1.0,6.0,9.0,27.0
Cryptography,medium,1.0,6.0,9.0,18.0
Swift,medium,3.0,3.0,9.0,54.0
Docker,medium,2.0,3.0,6.0,36.0
NoSQL,medium,1.0,6.0,8.0,18.0
Troubleshooting,medium,3.0,3.0,6.0,108.0
Java,medium,1.0,4.0,8.0,9.0
Node.js,medium,2.0,3.0,9.0,36.0
UI/UX Design,medium,2.0,4.0,9.0,36.0
C#,medium,3.0,6.0,8.0,54.0
Data Science Basics,medium,3.0,4.0,8.0,54.0
Statistical Analysis,medium,3.0,6.0,6.0,27.0
Behavior-Driven Development,medium,3.0,6.0,6.0,27.0
Git,medium,3.0,6.0,7.0,81.0
Requirements Analysis,medium,2.0,3.0,7.0,72.0
Wireframing,medium,3.0,5.0,6.0,54.0
Swift,medium,3.0,5.0,7.0,54.0
Data Visualization,medium,3.0,4.0,6.0,81.0
Node.js,medium,3.0,5.0,6.0,27.0
Cybersecurity,medium,2.0,6.0,6.0,54.0
Microservices,medium,2.0,5.0,7.0,18.0
NoSQL,medium,1.0,4.0,8.0,36.0
Cryptography,medium,3.0,6.0,9.0,81.0
Documentation,medium,3.0,3.0,7.0,81.0
Data Science,medium,2.0,6.0,9.0,36.0
Interaction Design,medium,2.0,6.0,9.0,54.0
Data Science Basics,medium,2.0,4.0,8.0,18.0
Cryptography,medium,3.0,3.0,7.0,27.0
Test-Driven Development,medium,1.0,6.0,9.0,27.0
Kotlin,medium,1.0,3.0,8.0,9.0
Kotlin,medium,2.0,6.0,8.0,54.0
DevOps,medium,2.0,6.0,6.0,72.0
Penetration Testing,medium,2.0,4.0,7.0,36.0
Big Data Analytics,medium,2.0,6.0,9.0,72.0
Machine Learning Fundamentals,medium,1.0,6.0,8.0,36.0
Network Security,medium,1.0,6.0,9.0,18.0
Machine Learning Fundamentals,medium,2.0,5.0,7.0,36.0
Kotlin,medium,1.0,3.0,6.0,18.0
Test-Driven Development,medium,2.0,4.0,9.0,54.0
Machine Learning Fundamentals,medium,1.0,4.0,6.0,9.0
Big Data Analytics,medium,3.0,4.0,8.0,81.0
Microservices,medium,3.0,6.0,6.0,27.0
Java,medium,1.0,3.0,9.0,27.0
HTML,medium,2.0,5.0,7.0,18.0
Deep Learning Concepts,medium,1.0,5.0,9.0,9.0
Statistical Analysis,medium,2.0,4.0,9.0,72.0
Information Security,medium,2.0,3.0,6.0,54.0
Machine Learning,medium,2.0,5.0,6.0,36.0
CSS,medium,2.0,4.0,9.0,54.0
PHP,medium,1.0,5.0,6.0,18.0
Business Analysis,medium,1.0,5.0,6.0,27.0
Technical Writing,medium,3.0,3.0,7.0,108.0
Objective-C,medium,2.0,4.0,7.0,18.0
Continuous Deployment,medium,3.0,5.0,8.0,54.0
React,medium,1.0,6.0,9.0,9.0
CSS,medium,1.0,6.0,6.0,9.0
NoSQL,medium,2.0,5.0,9.0,18.0
PHP,medium,1.0,3.0,8.0,36.0
Leadership,medium,2.0,3.0,8.0,54.0
Docker,medium,3.0,5.0,7.0,27.0
Kotlin,medium,2.0,3.0,6.0,72.0
PostgreSQL,medium,1.0,3.0,6.0,36.0
Agile Product Management,medium,1.0,6.0,9.0,36.0
HTML,medium,1.0,4.0,7.0,27.0
Django,medium,3.0,4.0,7.0,54.0
Data Science Basics,medium,2.0,5.0,7.0,18.0
Continuous Deployment,medium,3.0,5.0,6.0,108.0
UI/UX Design,medium,1.0,5.0,8.0,18.0
Business Analysis,medium,2.0,6.0,8.0,36.0
MySQL,medium,3.0,6.0,6.0,108.0
React,medium,2.0,3.0,8.0,54.0
CI/CD,medium,1.0,6.0,9.0,18.0
Deep Learning Concepts,medium,3.0,4.0,6.0,81.0
Continuous Integration,medium,2.0,6.0,6.0,54.0
Node.js,medium,2.0,5.0,7.0,36.0
PostgreSQL,medium,1.0,4.0,6.0,18.0
Artificial Intelligence,medium,1.0,3.0,9.0,18.0
Product Management,medium,1.0,4.0,7.0,27.0
Prototyping,medium,3.0,6.0,7.0,81.0
Python for Data Science,medium,3.0,6.0,8.0,54.0
Information Security,medium,2.0,3.0,7.0,72.0
Git,medium,2.0,5.0,9.0,72.0
Kubernetes,medium,3.0,3.0,9.0,81.0
Responsive Design,medium,2.0,3.0,8.0,72.0
Communication,medium,3.0,3.0,6.0,54.0
Data Visualization,medium,2.0,3.0,9.0,54.0
Information Security,medium,3.0,6.0,9.0,108.0
Product Management,medium,2.0,5.0,8.0,54.0
Data Analysis,medium,2.0,4.0,8.0,72.0
AWS,medium,3.0,5.0,8.0,108.0
Data Science,medium,1.0,5.0,6.0,9.0
Agile Methodologies,medium,3.0,3.0,6.0,108.0
GraphQL,medium,3.0,5.0,7.0,27.0
C#,medium,1.0,3.0,9.0,18.0
Leadership,medium,2.0,4.0,6.0,18.0
Requirements Analysis,medium,1.0,3.0,7.0,27.0
JavaScript,medium,1.0,4.0,6.0,18.0
Cybersecurity,medium,1.0,5.0,8.0,9.0
Data Science,medium,2.0,3.0,7.0,36.0
.NET,medium,3.0,6.0,6.0,108.0
Problem Solving,medium,1.0,4.0,6.0,18.0
Machine Learning Fundamentals,medium,2.0,5.0,9.0,72.0
Microservices,medium,2.0,4.0,6.0,54.0
Python,medium,3.0,3.0,9.0,108.0
Accessibility,medium,3.0,6.0,8.0,108.0
Swift,medium,1.0,4.0,7.0,36.0
Data Science,medium,2.0,4.0,7.0,18.0
Prototyping,medium,3.0,4.0,7.0,81.0
Cybersecurity,medium,1.0,5.0,6.0,18.0
PostgreSQL,medium,2.0,6.0,7.0,72.0
CI/CD,medium,2.0,6.0,9.0,36.0
Test-Driven Development,medium,3.0,6.0,7.0,54.0
Artificial Intelligence,medium,2.0,4.0,6.0,72.0
Problem Solving,medium,2.0,4.0,6.0,18.0
User Stories,medium,3.0,4.0,9.0,81.0
DevOps,medium,2.0,4.0,9.0,72.0
Data Analysis,medium,2.0,3.0,6.0,72.0
Collaboration,medium,1.0,3.0,6.0,27.0
Vue.js,medium,2.0,5.0,8.0,18.0
Network Security,medium,3.0,4.0,8.0,81.0
Flask,medium,2.0,5.0,7.0,72.0
Google Cloud Platform,medium,3.0,6.0,8.0,81.0
Interaction Design,medium,3.0,4.0,6.0,54.0
Flask,medium,2.0,3.0,8.0,36.0
Support,medium,3.0,4.0,6.0,54.0
Flask,medium,1.0,6.0,8.0,9.0
DevOps,medium,3.0,5.0,9.0,54.0
Google Cloud Platform,medium,1.0,4.0,6.0,27.0
Technical Writing,medium,3.0,3.0,7.0,27.0
Machine Learning Fundamentals,medium,2.0,6.0,7.0,54.0
Objective-C,medium,3.0,6.0,8.0,27.0
HTML,medium,3.0,5.0,9.0,81.0
Continuous Integration,medium,3.0,4.0,6.0,108.0
Leadership,medium,1.0,3.0,7.0,9.0
CSS,medium,1.0,4.0,6.0,36.0
Cryptography,medium,1.0,3.0,8.0,36.0
Requirements Analysis,medium,1.0,5.0,6.0,36.0
Google Cloud Platform,medium,1.0,6.0,6.0,36.0
Behavior-Driven Development,medium,2.0,5.0,8.0,72.0
Wireframing,medium,3.0,6.0,7.0,108.0
AWS,medium,3.0,4.0,9.0,81.0
Artificial Intelligence,medium,2.0,6.0,9.0,36.0
Statistical Analysis,medium,2.0,3.0,9.0,18.0
Communication,medium,2.0,5.0,8.0,54.0
Google Cloud Platform,medium,2.0,6.0,6.0,54.0
Data Science,medium,1.0,6.0,8.0,27.0
User Stories,medium,3.0,4.0,8.0,81.0
Machine Learning Fundamentals,medium,2.0,4.0,6.0,36.0
Machine Learning Fundamentals,medium,2.0,4.0,9.0,36.0
Flask,medium,3.0,3.0,8.0,27.0
Deep Learning Concepts,medium,2.0,4.0,9.0,18.0
Continuous Deployment,medium,1.0,6.0,7.0,27.0
CI/CD,medium,1.0,3.0,7.0,9.0
PostgreSQL,medium,1.0,4.0,9.0,36.0
Responsive Design,medium,2.0,6.0,8.0,54.0
MySQL,medium,3.0,3.0,6.0,27.0
Requirements Analysis,medium,2.0,6.0,9.0,18.0
Machine Learning,medium,3.0,4.0,9.0,108.0
Machine Learning,medium,1.0,4.0,8.0,27.0
Git,medium,1.0,3.0,9.0,18.0
UI/UX Design,medium,3.0,5.0,9.0,81.0
Git,medium,2.0,6.0,8.0,36.0
Data Science Basics,medium,2.0,6.0,9.0,18.0
Machine Learning,medium,2.0,5.0,9.0,36.0
Agile Product Management,medium,1.0,5.0,9.0,27.0
Cybersecurity,medium,2.0,6.0,7.0,18.0
.NET,medium,3.0,3.0,7.0,54.0
DevOps,medium,2.0,5.0,6.0,36.0
Documentation,medium,2.0,4.0,6.0,54.0
Artificial Intelligence,medium,3.0,3.0,6.0,27.0
Python,medium,3.0,5.0,8.0,27.0
Vue.js,medium,1.0,4.0,8.0,18.0
Troubleshooting,medium,1.0,4.0,8.0,18.0
CI/CD,medium,2.0,6.0,9.0,36.0
RESTful API,medium,2.0,3.0,8.0,72.0
PHP,medium,1.0,5.0,6.0,9.0
Docker,medium,3.0,3.0,9.0,180.0
Product Management,medium,2.0,3.0,8.0,160.0
Data Science Basics,medium,1.0,3.0,9.0,40.0
.NET,medium,1.0,6.0,8.0,20.0
Prototyping,medium,1.0,3.0,7.0,20.0
Agile Methodologies,medium,3.0,6.0,7.0,180.0
Kotlin,medium,1.0,5.0,9.0,80.0
.NET,medium,3.0,3.0,9.0,60.0
Kubernetes,medium,2.0,6.0,8.0,120.0
MySQL,medium,1.0,4.0,9.0,20.0
PostgreSQL,medium,3.0,5.0,7.0,120.0
Data Science Basics,medium,1.0,5.0,9.0,20.0
GraphQL,medium,2.0,6.0,9.0,120.0
Machine Learning,medium,1.0,6.0,9.0,60.0
Flask,medium,1.0,5.0,7.0,60.0
UI/UX Design,medium,2.0,6.0,9.0,160.0
Data Science,medium,3.0,3.0,8.0,240.0
Cryptography,medium,3.0,6.0,6.0,120.0
PHP,medium,3.0,5.0,8.0,60.0
Technical Writing,medium,1.0,3.0,8.0,80.0
AWS,medium,1.0,6.0,8.0,20.0
Node.js,medium,3.0,3.0,7.0,60.0
Prototyping,medium,3.0,6.0,8.0,180.0
Accessibility,medium,1.0,5.0,9.0,60.0
Deep Learning Concepts,medium,3.0,5.0,7.0,60.0
Responsive Design,medium,3.0,3.0,6.0,180.0
Accessibility,medium,1.0,5.0,8.0,20.0
Big Data Analytics,medium,2.0,5.0,6.0,40.0
Objective-C,medium,1.0,3.0,9.0,60.0
Data Science Basics,medium,3.0,3.0,9.0,240.0
SQL,medium,3.0,5.0,8.0,60.0
Ruby,medium,2.0,3.0,9.0,160.0
Artificial Intelligence,medium,2.0,3.0,9.0,160.0
Data Analysis,medium,1.0,6.0,9.0,60.0
Deep Learning Concepts,medium,2.0,4.0,7.0,160.0
Collaboration,medium,3.0,5.0,6.0,240.0
Statistical Analysis,medium,3.0,5.0,8.0,240.0
Prototyping,medium,3.0,6.0,6.0,240.0
Cryptography,medium,3.0,5.0,7.0,60.0
Data Science,medium,2.0,5.0,9.0,120.0
Documentation,medium,3.0,5.0,9.0,180.0
Vue.js,medium,3.0,3.0,7.0,180.0
Cybersecurity,medium,3.0,5.0,9.0,60.0
Data Analysis,medium,1.0,5.0,8.0,20.0
Flask,medium,1.0,4.0,8.0,40.0
CSS,medium,3.0,6.0,6.0,60.0
Flask,medium,2.0,6.0,7.0,40.0
Test-Driven Development,medium,2.0,3.0,7.0,160.0
JavaScript,medium,1.0,5.0,8.0,20.0
Continuous Deployment,medium,1.0,5.0,9.0,40.0
Cryptography,medium,2.0,5.0,7.0,80.0
Objective-C,medium,1.0,5.0,7.0,80.0
Statistical Analysis,medium,1.0,3.0,9.0,20.0
Continuous Integration,medium,3.0,4.0,7.0,60.0
Vue.js,medium,2.0,6.0,9.0,120.0
Machine Learning Fundamentals,medium,3.0,4.0,6.0,60.0
Data Science,medium,1.0,5.0,6.0,80.0
JavaScript,medium,1.0,4.0,9.0,60.0
Python for Data Science,medium,1.0,4.0,6.0,20.0
Network Security,medium,1.0,6.0,9.0,60.0
Ruby,medium,2.0,4.0,9.0,80.0
NoSQL,medium,2.0,4.0,7.0,160.0
NoSQL,medium,2.0,4.0,9.0,80.0
Documentation,medium,2.0,3.0,9.0,40.0
Azure,medium,3.0,3.0,9.0,120.0
Behavior-Driven Development,medium,3.0,3.0,9.0,120.0
Flask,medium,3.0,4.0,9.0,180.0
Objective-C,medium,1.0,3.0,8.0,80.0
Wireframing,medium,2.0,4.0,8.0,160.0
Collaboration,medium,2.0,4.0,8.0,80.0
Java,medium,2.0,3.0,6.0,40.0
Data Science,medium,3.0,5.0,7.0,60.0
Angular,medium,1.0,4.0,6.0,40.0
Containerization,medium,1.0,4.0,6.0,20.0
.NET,medium,1.0,6.0,8.0,40.0
C#,medium,3.0,3.0,8.0,240.0
Python,medium,2.0,6.0,7.0,40.0
Behavior-Driven Development,medium,3.0,4.0,9.0,180.0
C#,medium,2.0,6.0,6.0,80.0
Vue.js,medium,1.0,4.0,7.0,20.0
CSS,medium,2.0,6.0,9.0,120.0
Problem Solving,medium,1.0,4.0,6.0,80.0
Azure,medium,1.0,3.0,7.0,40.0
Troubleshooting,medium,1.0,6.0,6.0,20.0
Test-Driven Development,medium,2.0,6.0,7.0,160.0
Machine Learning,medium,3.0,5.0,6.0,120.0
Objective-C,medium,1.0,5.0,9.0,60.0
Ruby,medium,2.0,3.0,6.0,80.0
Containerization,medium,1.0,4.0,8.0,80.0
Machine Learning Fundamentals,medium,2.0,5.0,6.0,120.0
Continuous Deployment,medium,3.0,3.0,9.0,180.0
Artificial Intelligence,medium,1.0,3.0,8.0,80.0
Troubleshooting,medium,1.0,4.0,9.0,20.0
Azure,medium,1.0,4.0,9.0,60.0
Agile Product Management,medium,3.0,6.0,7.0,180.0
.NET,medium,2.0,6.0,9.0,40.0
Test-Driven Development,medium,1.0,3.0,9.0,60.0
Cryptography,medium,1.0,3.0,9.0,20.0
Data Analysis,medium,3.0,3.0,8.0,240.0
UI/UX Design,medium,2.0,6.0,6.0,160.0
Kubernetes,medium,3.0,5.0,8.0,60.0
Deep Learning Concepts,medium,3.0,4.0,9.0,180.0
Data Analysis,medium,1.0,3.0,9.0,40.0
Angular,medium,2.0,6.0,9.0,120.0
Leadership,medium,1.0,6.0,8.0,40.0
Problem Solving,medium,1.0,4.0,9.0,60.0
Agile Methodologies,medium,3.0,5.0,7.0,240.0
Machine Learning,medium,3.0,3.0,8.0,60.0
RESTful API,medium,1.0,4.0,7.0,60.0
Objective-C,medium,3.0,6.0,7.0,60.0
Flask,medium,3.0,5.0,8.0,120.0
Prototyping,medium,2.0,3.0,9.0,120.0
Django,medium,1.0,6.0,6.0,40.0
Kubernetes,medium,1.0,6.0,9.0,60.0
Scrum,medium,2.0,4.0,7.0,40.0
Ruby,medium,3.0,6.0,8.0,60.0
Cybersecurity,medium,2.0,3.0,7.0,120.0
PHP,medium,2.0,6.0,8.0,80.0
Penetration Testing,medium,2.0,4.0,9.0,120.0
User Stories,medium,3.0,4.0,9.0,180.0
Leadership,medium,2.0,5.0,8.0,120.0
Continuous Integration,medium,1.0,5.0,9.0,40.0
Flask,medium,3.0,6.0,9.0,240.0
Statistical Analysis,medium,2.0,6.0,6.0,120.0
Swift,medium,2.0,6.0,8.0,160.0
PostgreSQL,medium,2.0,5.0,7.0,40.0
Interaction Design,medium,2.0,5.0,9.0,120.0
Data Visualization,medium,2.0,6.0,7.0,120.0
Scrum,medium,2.0,5.0,6.0,40.0
User Stories,medium,1.0,4.0,9.0,80.0
React,medium,3.0,5.0,7.0,180.0
Communication,medium,1.0,4.0,6.0,40.0
Big Data Analytics,medium,2.0,6.0,8.0,160.0
Machine Learning,medium,2.0,4.0,8.0,160.0
Swift,medium,2.0,3.0,8.0,120.0
Python,medium,1.0,6.0,6.0,40.0
Communication,medium,2.0,4.0,9.0,160.0
PostgreSQL,medium,1.0,4.0,7.0,60.0
Penetration Testing,medium,3.0,5.0,7.0,240.0
Documentation,medium,1.0,4.0,8.0,60.0
Java,medium,1.0,5.0,7.0,60.0
Collaboration,medium,3.0,4.0,6.0,120.0
PHP,medium,2.0,4.0,9.0,40.0
Leadership,medium,1.0,5.0,9.0,80.0
Azure,medium,3.0,3.0,6.0,240.0
Continuous Deployment,medium,1.0,4.0,9.0,80.0
Machine Learning,medium,1.0,4.0,6.0,80.0
Collaboration,medium,3.0,6.0,6.0,240.0
Continuous Deployment,medium,1.0,5.0,7.0,80.0
Test-Driven Development,medium,3.0,5.0,6.0,180.0
Machine Learning Fundamentals,medium,1.0,3.0,7.0,60.0
Containerization,medium,2.0,6.0,9.0,120.0
Containerization,medium,3.0,3.0,8.0,60.0
Azure,medium,2.0,3.0,9.0,160.0
DevOps,medium,1.0,4.0,7.0,60.0
Product Management,medium,2.0,4.0,6.0,80.0
Azure,medium,3.0,5.0,9.0,240.0
Interaction Design,medium,1.0,6.0,7.0,80.0
Accessibility,medium,3.0,5.0,9.0,60.0
CI/CD,medium,1.0,6.0,8.0,40.0
Network Security,medium,2.0,5.0,8.0,80.0
CSS,medium,2.0,3.0,9.0,40.0
Technical Writing,medium,3.0,3.0,8.0,60.0
Continuous Integration,medium,3.0,3.0,7.0,180.0
Microservices,medium,1.0,4.0,6.0,20.0
Swift,medium,3.0,6.0,6.0,240.0
Deep Learning Concepts,medium,3.0,6.0,9.0,120.0
Big Data Analytics,medium,2.0,4.0,9.0,120.0
Cybersecurity,medium,3.0,6.0,7.0,60.0
Responsive Design,medium,3.0,5.0,6.0,120.0
MySQL,medium,1.0,3.0,6.0,20.0
Swift,medium,2.0,4.0,7.0,120.0
Ruby,medium,2.0,3.0,8.0,160.0
Microservices,medium,1.0,6.0,6.0,40.0
CI/CD,medium,2.0,4.0,9.0,40.0
RESTful API,medium,1.0,6.0,8.0,60.0
User Research,medium,1.0,3.0,6.0,80.0
Documentation,medium,3.0,6.0,8.0,60.0
Continuous Integration,medium,3.0,4.0,8.0,240.0
Python,medium,1.0,6.0,6.0,80.0
Git,medium,3.0,4.0,6.0,180.0
Objective-C,medium,3.0,4.0,7.0,120.0
Django,medium,2.0,4.0,9.0,80.0
Wireframing,medium,2.0,5.0,6.0,40.0
Objective-C,medium,3.0,6.0,6.0,120.0
Django,medium,1.0,6.0,9.0,20.0
Vue.js,medium,1.0,3.0,7.0,20.0
Azure,medium,3.0,4.0,8.0,120.0
Continuous Integration,medium,3.0,4.0,9.0,60.0
Behavior-Driven Development,medium,1.0,3.0,7.0,80.0
Containerization,medium,2.0,6.0,8.0,40.0
AWS,medium,2.0,6.0,9.0,80.0
Big Data Analytics,medium,1.0,6.0,7.0,80.0
Responsive Design,medium,3.0,4.0,6.0,180.0
Data Visualization,medium,2.0,4.0,6.0,40.0
Accessibility,medium,1.0,3.0,8.0,20.0
Git,medium,3.0,5.0,6.0,60.0
Data Science Basics,medium,3.0,5.0,8.0,120.0
SQL,medium,2.0,4.0,7.0,160.0
Machine Learning Fundamentals,medium,3.0,6.0,6.0,180.0
Angular,medium,3.0,5.0,16.0,180.0
Documentation,medium,1.0,5.0,12.0,20.0
Test-Driven Development,medium,2.0,3.0,19.0,80.0
JavaScript,medium,1.0,3.0,11.0,80.0
C#,medium,3.0,5.0,14.0,180.0
GraphQL,medium,2.0,6.0,18.0,80.0
Flask,medium,1.0,6.0,18.0,20.0
Prototyping,medium,2.0,4.0,13.0,40.0
Azure,medium,2.0,5.0,17.0,120.0
Node.js,medium,2.0,4.0,12.0,80.0
Big Data Analytics,medium,3.0,3.0,19.0,60.0
DevOps,medium,3.0,3.0,11.0,60.0
Continuous Deployment,medium,2.0,3.0,11.0,80.0
Continuous Integration,medium,3.0,3.0,11.0,240.0
MongoDB,medium,1.0,6.0,16.0,20.0
Objective-C,medium,1.0,3.0,13.0,20.0
Containerization,medium,1.0,3.0,16.0,20.0
Cryptography,medium,3.0,6.0,15.0,60.0
Prototyping,medium,2.0,3.0,14.0,40.0
Documentation,medium,1.0,4.0,12.0,60.0
Data Science Basics,medium,1.0,5.0,17.0,80.0
Accessibility,medium,3.0,5.0,18.0,60.0
Python for Data Science,medium,3.0,3.0,18.0,60.0
Penetration Testing,medium,3.0,3.0,10.0,120.0
Ruby,medium,2.0,3.0,17.0,80.0
Penetration Testing,medium,2.0,6.0,18.0,120.0
Responsive Design,medium,3.0,5.0,18.0,180.0
Machine Learning Fundamentals,medium,1.0,4.0,17.0,80.0
Objective-C,medium,3.0,6.0,14.0,240.0
CI/CD,medium,1.0,6.0,16.0,20.0
MySQL,medium,3.0,6.0,19.0,120.0
JavaScript,medium,2.0,4.0,16.0,160.0
Data Science,medium,1.0,4.0,18.0,20.0
User Research,medium,2.0,5.0,13.0,80.0
Collaboration,medium,1.0,4.0,17.0,60.0
Test-Driven Development,medium,1.0,3.0,18.0,20.0
Statistical Analysis,medium,3.0,3.0,14.0,60.0
Ruby,medium,1.0,5.0,12.0,60.0
Swift,medium,3.0,4.0,13.0,120.0
UI/UX Design,medium,2.0,5.0,10.0,120.0
Cybersecurity,medium,3.0,5.0,14.0,60.0
Microservices,medium,2.0,4.0,18.0,160.0
Network Security,medium,2.0,6.0,10.0,80.0
User Research,medium,3.0,4.0,14.0,60.0
Kubernetes,medium,1.0,3.0,12.0,60.0
Technical Writing,medium,2.0,4.0,16.0,80.0
Agile Product Management,medium,1.0,6.0,12.0,20.0
GraphQL,medium,2.0,4.0,12.0,80.0
Continuous Deployment,medium,2.0,3.0,12.0,160.0
Network Security,medium,2.0,3.0,17.0,160.0
Node.js,medium,3.0,6.0,19.0,240.0
Continuous Integration,medium,3.0,6.0,16.0,120.0
Support,medium,2.0,3.0,19.0,160.0
MongoDB,medium,3.0,3.0,16.0,120.0
Statistical Analysis,medium,3.0,4.0,10.0,120.0
Agile Methodologies,medium,2.0,5.0,12.0,120.0
UI/UX Design,medium,2.0,5.0,11.0,40.0
User Research,medium,3.0,6.0,14.0,240.0
NoSQL,medium,3.0,6.0,16.0,60.0
Interaction Design,medium,2.0,5.0,13.0,40.0
PostgreSQL,medium,3.0,3.0,18.0,180.0
Agile Product Management,medium,2.0,6.0,17.0,160.0
Test-Driven Development,medium,1.0,4.0,15.0,20.0
Requirements Analysis,medium,2.0,5.0,19.0,80.0
Prototyping,medium,2.0,4.0,10.0,40.0
Continuous Deployment,medium,2.0,4.0,12.0,80.0
Network Security,medium,1.0,3.0,11.0,40.0
Test-Driven Development,medium,2.0,6.0,10.0,80.0
Requirements Analysis,medium,2.0,6.0,15.0,120.0
Documentation,medium,2.0,6.0,19.0,160.0
Prototyping,medium,1.0,3.0,17.0,20.0
Ruby,medium,1.0,4.0,13.0,60.0
UI/UX Design,medium,3.0,4.0,14.0,240.0
Test-Driven Development,medium,1.0,4.0,14.0,40.0
Data Science,medium,2.0,4.0,17.0,160.0
Objective-C,medium,2.0,6.0,11.0,40.0
Ruby,medium,3.0,6.0,17.0,180.0
CI/CD,medium,3.0,4.0,17.0,180.0
MySQL,medium,2.0,4.0,18.0,80.0
JavaScript,medium,3.0,3.0,19.0,120.0
Communication,medium,1.0,6.0,15.0,40.0
Cybersecurity,medium,2.0,6.0,16.0,40.0
Continuous Deployment,medium,2.0,4.0,11.0,160.0
Business Analysis,medium,1.0,6.0,10.0,60.0
CI/CD,medium,2.0,6.0,10.0,80.0
Problem Solving,medium,2.0,4.0,10.0,120.0
Continuous Integration,medium,1.0,5.0,12.0,40.0
Node.js,medium,3.0,5.0,13.0,240.0
Troubleshooting,medium,2.0,5.0,11.0,120.0
Prototyping,medium,1.0,6.0,16.0,80.0
MySQL,medium,1.0,3.0,14.0,40.0
MySQL,medium,3.0,6.0,10.0,180.0
Responsive Design,medium,3.0,4.0,18.0,60.0
Support,medium,2.0,3.0,18.0,40.0
Cybersecurity,medium,1.0,4.0,16.0,20.0
Agile Methodologies,medium,2.0,3.0,14.0,160.0
Scrum,medium,1.0,3.0,15.0,80.0
Accessibility,medium,1.0,3.0,15.0,40.0
Agile Methodologies,medium,2.0,3.0,17.0,80.0
Ruby,medium,2.0,5.0,17.0,120.0
Flask,medium,1.0,3.0,19.0,60.0
Data Analysis,medium,1.0,3.0,13.0,80.0
Angular,medium,2.0,4.0,15.0,40.0
Flask,medium,3.0,4.0,15.0,120.0
Documentation,medium,1.0,5.0,14.0,40.0
Requirements Analysis,medium,3.0,3.0,19.0,240.0
Angular,medium,2.0,4.0,10.0,160.0
Problem Solving,medium,3.0,3.0,19.0,120.0
Node.js,medium,3.0,3.0,15.0,240.0
Prototyping,medium,1.0,6.0,16.0,40.0
NoSQL,medium,1.0,3.0,17.0,20.0
Information Security,medium,3.0,4.0,10.0,120.0
Continuous Deployment,medium,1.0,6.0,18.0,40.0
Objective-C,medium,3.0,6.0,10.0,60.0
Kotlin,medium,3.0,4.0,17.0,60.0
Prototyping,medium,2.0,3.0,18.0,120.0
Wireframing,medium,3.0,3.0,18.0,60.0
Deep Learning Concepts,medium,2.0,3.0,19.0,160.0
Containerization,medium,1.0,6.0,14.0,60.0
CSS,medium,3.0,4.0,10.0,60.0
Requirements Analysis,medium,2.0,6.0,13.0,40.0
HTML,medium,2.0,6.0,16.0,80.0
Leadership,medium,2.0,3.0,18.0,80.0
HTML,medium,3.0,5.0,13.0,240.0
Kubernetes,medium,1.0,3.0,14.0,20.0
Statistical Analysis,medium,3.0,5.0,14.0,120.0
Angular,medium,1.0,4.0,14.0,80.0
PHP,medium,2.0,6.0,11.0,120.0
Django,medium,3.0,3.0,13.0,60.0
Interaction Design,medium,2.0,4.0,18.0,120.0
Vue.js,medium,1.0,5.0,18.0,20.0
Interaction Design,medium,2.0,6.0,13.0,40.0
CSS,medium,2.0,6.0,12.0,40.0
Product Management,medium,1.0,4.0,11.0,20.0
React,medium,1.0,4.0,14.0,20.0
Python,medium,2.0,4.0,17.0,160.0
Deep Learning Concepts,medium,1.0,3.0,16.0,40.0
Continuous Deployment,medium,3.0,6.0,18.0,180.0
Vue.js,medium,3.0,4.0,10.0,60.0
MongoDB,medium,1.0,5.0,11.0,40.0
Collaboration,medium,3.0,3.0,11.0,60.0
PHP,medium,2.0,5.0,13.0,40.0
Technical Writing,medium,1.0,6.0,17.0,60.0
Troubleshooting,medium,3.0,6.0,18.0,60.0
Communication,medium,1.0,5.0,14.0,80.0
Requirements Analysis,medium,3.0,3.0,16.0,180.0
Microservices,medium,1.0,4.0,12.0,80.0
Product Management,medium,2.0,4.0,16.0,40.0
Azure,medium,2.0,4.0,19.0,80.0
Deep Learning Concepts,medium,1.0,4.0,10.0,80.0
Technical Writing,medium,3.0,4.0,10.0,60.0
Scrum,medium,3.0,5.0,12.0,240.0
Kubernetes,medium,1.0,5.0,19.0,40.0
UI/UX Design,medium,3.0,3.0,19.0,120.0
C#,medium,3.0,6.0,10.0,120.0
Network Security,medium,1.0,4.0,15.0,40.0
Test-Driven Development,medium,3.0,6.0,10.0,60.0
Containerization,medium,2.0,4.0,14.0,40.0
Cryptography,medium,3.0,4.0,17.0,120.0
User Stories,medium,1.0,5.0,17.0,80.0
Data Science,medium,1.0,3.0,11.0,40.0
Continuous Deployment,medium,1.0,4.0,18.0,60.0
NoSQL,medium,2.0,6.0,16.0,40.0
Artificial Intelligence,medium,3.0,3.0,15.0,180.0
MySQL,medium,1.0,5.0,11.0,80.0
MongoDB,medium,1.0,4.0,15.0,40.0
Behavior-Driven Development,medium,1.0,5.0,14.0,60.0
Azure,medium,3.0,4.0,12.0,180.0
CSS,medium,3.0,6.0,16.0,120.0
Node.js,medium,3.0,3.0,11.0,180.0
React,medium,3.0,6.0,11.0,180.0
React,medium,3.0,4.0,17.0,60.0
Wireframing,medium,3.0,4.0,19.0,120.0
Flask,medium,1.0,5.0,15.0,20.0
Problem Solving,medium,2.0,3.0,14.0,40.0
Scrum,medium,1.0,6.0,11.0,40.0
Penetration Testing,medium,2.0,3.0,15.0,120.0
Machine Learning Fundamentals,medium,1.0,4.0,17.0,40.0
Git,medium,1.0,6.0,18.0,40.0
Responsive Design,medium,2.0,5.0,12.0,80.0
MySQL,medium,1.0,4.0,14.0,40.0
Git,medium,2.0,5.0,19.0,120.0
Angular,medium,2.0,6.0,17.0,40.0
Requirements Analysis,medium,2.0,6.0,12.0,120.0
HTML,medium,1.0,4.0,18.0,80.0
Python,medium,3.0,4.0,12.0,60.0
Flask,medium,1.0,5.0,11.0,40.0
Leadership,medium,1.0,4.0,18.0,60.0
RESTful API,medium,2.0,3.0,17.0,80.0
MySQL,medium,2.0,3.0,11.0,80.0
Continuous Integration,medium,3.0,5.0,13.0,120.0
Big Data Analytics,medium,2.0,5.0,15.0,120.0
SQL,medium,3.0,4.0,18.0,240.0
Support,medium,1.0,4.0,11.0,40.0
PHP,medium,2.0,3.0,13.0,40.0
Deep Learning Concepts,medium,1.0,5.0,19.0,80.0
Flask,medium,3.0,5.0,11.0,120.0
Python for Data Science,medium,3.0,3.0,12.0,180.0
GraphQL,medium,3.0,5.0,17.0,240.0
PostgreSQL,medium,1.0,4.0,15.0,60.0
Flask,hard,7.0,2.0,7.0,126.0
Artificial Intelligence,hard,5.0,6.0,7.0,180.0
Machine Learning,hard,6.0,3.0,6.0,108.0
AWS,hard,6.0,4.0,8.0,162.0
Artificial Intelligence,hard,6.0,6.0,7.0,108.0
User Stories,hard,6.0,1.0,8.0,162.0
Kotlin,hard,7.0,6.0,8.0,252.0
Leadership,hard,6.0,1.0,8.0,162.0
Agile Methodologies,hard,7.0,3.0,6.0,189.0
GraphQL,hard,7.0,5.0,8.0,252.0
RESTful API,hard,7.0,4.0,7.0,252.0
Agile Methodologies,hard,5.0,1.0,7.0,135.0
Support,hard,5.0,3.0,6.0,45.0
PostgreSQL,hard,6.0,3.0,7.0,108.0
Cybersecurity,hard,7.0,2.0,8.0,252.0
Containerization,hard,6.0,6.0,7.0,162.0
Docker,hard,5.0,4.0,6.0,90.0
C#,hard,5.0,4.0,8.0,90.0
HTML,hard,5.0,5.0,8.0,45.0
Troubleshooting,hard,7.0,5.0,6.0,252.0
Scrum,hard,5.0,3.0,7.0,180.0
Artificial Intelligence,hard,5.0,2.0,8.0,45.0
DevOps,hard,6.0,3.0,7.0,54.0
Python,hard,6.0,5.0,8.0,108.0
Docker,hard,6.0,1.0,6.0,108.0
Cryptography,hard,6.0,2.0,7.0,162.0
Continuous Deployment,hard,5.0,6.0,6.0,90.0
User Research,hard,5.0,4.0,6.0,45.0
Swift,hard,7.0,1.0,8.0,126.0
.NET,hard,5.0,1.0,6.0,45.0
AWS,hard,6.0,6.0,7.0,54.0
Git,hard,7.0,4.0,8.0,63.0
Interaction Design,hard,7.0,6.0,8.0,63.0
PHP,hard,5.0,3.0,6.0,45.0
Data Visualization,hard,5.0,2.0,8.0,45.0
Scrum,hard,7.0,1.0,6.0,63.0
CSS,hard,7.0,6.0,8.0,126.0
Accessibility,hard,7.0,6.0,7.0,252.0
Leadership,hard,5.0,3.0,6.0,90.0
Responsive Design,hard,6.0,4.0,7.0,162.0
MongoDB,hard,7.0,3.0,7.0,252.0
Support,hard,5.0,1.0,7.0,180.0
Agile Product Management,hard,7.0,2.0,8.0,189.0
Java,hard,5.0,2.0,7.0,135.0
Information Security,hard,5.0,4.0,7.0,45.0
Python,hard,5.0,3.0,8.0,90.0
Collaboration,hard,5.0,5.0,8.0,180.0
Objective-C,hard,7.0,2.0,6.0,126.0
Kubernetes,hard,6.0,5.0,8.0,108.0
Cybersecurity,hard,7.0,3.0,8.0,189.0
Communication,hard,7.0,3.0,6.0,63.0
Git,hard,6.0,5.0,6.0,108.0
Information Security,hard,5.0,4.0,6.0,135.0
Prototyping,hard,6.0,5.0,7.0,216.0
Docker,hard,7.0,1.0,8.0,252.0
MySQL,hard,5.0,5.0,8.0,180.0
Objective-C,hard,7.0,5.0,6.0,252.0
Support,hard,5.0,4.0,6.0,135.0
Machine Learning,hard,7.0,1.0,8.0,126.0
JavaScript,hard,5.0,3.0,6.0,90.0
Accessibility,hard,7.0,1.0,8.0,126.0
UI/UX Design,hard,5.0,5.0,8.0,90.0
Python,hard,6.0,6.0,8.0,108.0
Responsive Design,hard,7.0,3.0,6.0,252.0
C#,hard,6.0,4.0,8.0,162.0
Node.js,hard,5.0,3.0,7.0,90.0
Network Security,hard,5.0,4.0,8.0,135.0
Python for Data Science,hard,6.0,5.0,6.0,162.0
Penetration Testing,hard,5.0,1.0,8.0,90.0
React,hard,5.0,1.0,7.0,180.0
PHP,hard,5.0,1.0,8.0,90.0
PHP,hard,6.0,6.0,7.0,162.0
Business Analysis,hard,7.0,1.0,7.0,252.0
PHP,hard,7.0,1.0,8.0,252.0
Troubleshooting,hard,7.0,2.0,6.0,126.0
Prototyping,hard,5.0,5.0,8.0,135.0
HTML,hard,5.0,1.0,7.0,90.0
Agile Methodologies,hard,6.0,6.0,8.0,54.0
Responsive Design,hard,6.0,1.0,8.0,108.0
Collaboration,hard,6.0,4.0,6.0,216.0
Google Cloud Platform,hard,6.0,5.0,7.0,108.0
PostgreSQL,hard,5.0,4.0,6.0,45.0
Azure,hard,6.0,1.0,6.0,54.0
Penetration Testing,hard,6.0,5.0,8.0,108.0
React,hard,6.0,5.0,8.0,108.0
React,hard,7.0,5.0,7.0,63.0
Support,hard,5.0,3.0,7.0,135.0
Deep Learning Concepts,hard,6.0,2.0,7.0,54.0
Machine Learning Fundamentals,hard,5.0,2.0,7.0,90.0
Support,hard,6.0,1.0,6.0,54.0
Deep Learning Concepts,hard,7.0,2.0,7.0,252.0
Big Data Analytics,hard,7.0,5.0,7.0,252.0
Flask,hard,5.0,3.0,8.0,45.0
Behavior-Driven Development,hard,6.0,2.0,6.0,108.0
Information Security,hard,7.0,2.0,7.0,63.0
Vue.js,hard,6.0,3.0,6.0,162.0
CI/CD,hard,6.0,4.0,8.0,54.0
Azure,hard,7.0,1.0,6.0,63.0
Java,hard,7.0,5.0,6.0,63.0
Network Security,hard,7.0,6.0,7.0,63.0
Data Science Basics,hard,5.0,3.0,6.0,135.0
AWS,hard,5.0,4.0,7.0,180.0
Communication,hard,5.0,6.0,8.0,90.0
Technical Writing,hard,5.0,1.0,7.0,90.0
DevOps,hard,7.0,4.0,8.0,252.0
Agile Methodologies,hard,7.0,1.0,8.0,126.0
Continuous Integration,hard,7.0,2.0,7.0,252.0
Support,hard,6.0,3.0,7.0,108.0
Containerization,hard,7.0,1.0,6.0,252.0
Python,hard,7.0,3.0,7.0,126.0
Continuous Deployment,hard,7.0,3.0,8.0,126.0
Technical Writing,hard,7.0,6.0,6.0,126.0
Flask,hard,7.0,4.0,7.0,252.0
User Stories,hard,5.0,5.0,6.0,135.0
Penetration Testing,hard,5.0,4.0,6.0,45.0
CSS,hard,7.0,6.0,8.0,63.0
Angular,hard,6.0,4.0,8.0,108.0
SQL,hard,6.0,5.0,8.0,216.0
Data Visualization,hard,6.0,6.0,7.0,216.0
Deep Learning Concepts,hard,6.0,5.0,8.0,108.0
Technical Writing,hard,7.0,4.0,6.0,63.0
Continuous Deployment,hard,6.0,3.0,8.0,54.0
Machine Learning,hard,5.0,2.0,6.0,45.0
Ruby,hard,6.0,5.0,8.0,162.0
Data Analysis,hard,6.0,2.0,6.0,108.0
SQL,hard,6.0,3.0,7.0,108.0
Business Analysis,hard,6.0,5.0,6.0,108.0
Vue.js,hard,5.0,1.0,6.0,135.0
Prototyping,hard,6.0,1.0,7.0,54.0
Agile Product Management,hard,5.0,4.0,7.0,180.0
Microservices,hard,6.0,2.0,8.0,216.0
Python,hard,5.0,1.0,8.0,180.0
Continuous Integration,hard,7.0,4.0,7.0,126.0
DevOps,hard,5.0,4.0,7.0,45.0
Node.js,hard,5.0,4.0,7.0,90.0
Data Visualization,hard,6.0,6.0,8.0,54.0
Kotlin,hard,5.0,3.0,8.0,135.0
React,hard,5.0,2.0,7.0,90.0
Collaboration,hard,5.0,5.0,7.0,90.0
Continuous Deployment,hard,6.0,4.0,6.0,54.0
Containerization,hard,7.0,5.0,7.0,126.0
User Stories,hard,7.0,1.0,8.0,252.0
Collaboration,hard,6.0,3.0,8.0,162.0
Test-Driven Development,hard,7.0,6.0,7.0,63.0
Google Cloud Platform,hard,6.0,5.0,8.0,216.0
Agile Methodologies,hard,6.0,4.0,7.0,108.0
Penetration Testing,hard,5.0,3.0,6.0,45.0
Django,hard,6.0,4.0,8.0,216.0
MySQL,hard,7.0,3.0,8.0,63.0
Cryptography,hard,6.0,5.0,7.0,216.0
Docker,hard,5.0,5.0,7.0,180.0
PHP,hard,5.0,1.0,8.0,180.0
Java,hard,7.0,6.0,7.0,126.0
Agile Methodologies,hard,7.0,2.0,8.0,63.0
Django,hard,7.0,6.0,6.0,63.0
Product Management,hard,5.0,4.0,6.0,45.0
Collaboration,hard,6.0,4.0,8.0,216.0
Data Visualization,hard,6.0,1.0,7.0,162.0
MongoDB,hard,5.0,6.0,8.0,135.0
Test-Driven Development,hard,6.0,3.0,7.0,162.0
React,hard,6.0,6.0,8.0,108.0
Network Security,hard,6.0,3.0,6.0,216.0
Docker,hard,5.0,5.0,6.0,45.0
Documentation,hard,6.0,5.0,6.0,108.0
Data Science,hard,7.0,4.0,6.0,126.0
Big Data Analytics,hard,5.0,2.0,8.0,135.0
PHP,hard,5.0,4.0,6.0,135.0
Responsive Design,hard,6.0,6.0,7.0,54.0
Angular,hard,7.0,3.0,6.0,126.0
Django,hard,5.0,2.0,7.0,90.0
Scrum,hard,6.0,2.0,6.0,216.0
Prototyping,hard,5.0,1.0,7.0,180.0
Technical Writing,hard,5.0,5.0,6.0,45.0
Agile Methodologies,hard,5.0,2.0,8.0,135.0
HTML,hard,7.0,6.0,6.0,189.0
Azure,hard,7.0,4.0,6.0,189.0
Support,hard,7.0,3.0,8.0,189.0
Leadership,hard,7.0,5.0,6.0,63.0
Data Visualization,hard,7.0,6.0,8.0,63.0
MongoDB,hard,7.0,4.0,7.0,63.0
Technical Writing,hard,6.0,3.0,7.0,216.0
Node.js,hard,7.0,4.0,8.0,63.0
Docker,hard,7.0,4.0,8.0,63.0
Documentation,hard,5.0,5.0,8.0,180.0
User Stories,hard,5.0,3.0,8.0,180.0
Test-Driven Development,hard,7.0,4.0,8.0,189.0
MySQL,hard,7.0,2.0,6.0,189.0
Ruby,hard,5.0,6.0,6.0,180.0
Communication,hard,5.0,6.0,8.0,90.0
CSS,hard,5.0,5.0,6.0,135.0
MySQL,hard,5.0,1.0,8.0,180.0
Product Management,hard,5.0,2.0,7.0,90.0
Vue.js,hard,5.0,3.0,8.0,135.0
Requirements Analysis,hard,5.0,6.0,8.0,135.0
PostgreSQL,hard,6.0,2.0,7.0,54.0
Git,hard,7.0,4.0,8.0,252.0
Big Data Analytics,hard,7.0,1.0,7.0,189.0
PostgreSQL,hard,5.0,5.0,7.0,90.0
Agile Product Management,hard,7.0,6.0,7.0,63.0
Java,hard,5.0,1.0,8.0,45.0
HTML,hard,7.0,4.0,11.0,189.0
Big Data Analytics,hard,5.0,3.0,17.0,90.0
Behavior-Driven Development,hard,5.0,4.0,14.0,90.0
Python,hard,5.0,1.0,18.0,180.0
Requirements Analysis,hard,6.0,6.0,18.0,216.0
SQL,hard,6.0,4.0,14.0,108.0
Behavior-Driven Development,hard,7.0,1.0,10.0,189.0
Java,hard,5.0,3.0,17.0,90.0
NoSQL,hard,5.0,4.0,19.0,90.0
Azure,hard,7.0,3.0,12.0,189.0
Flask,hard,6.0,1.0,10.0,162.0
Continuous Deployment,hard,6.0,1.0,16.0,216.0
Swift,hard,6.0,1.0,18.0,162.0
Communication,hard,5.0,6.0,15.0,45.0
User Stories,hard,6.0,5.0,17.0,216.0
Swift,hard,7.0,1.0,19.0,126.0
Support,hard,6.0,2.0,13.0,216.0
Product Management,hard,5.0,4.0,15.0,90.0
Python,hard,5.0,6.0,10.0,135.0
Docker,hard,5.0,5.0,13.0,180.0
React,hard,5.0,3.0,10.0,135.0
Data Science Basics,hard,6.0,3.0,18.0,54.0
SQL,hard,6.0,2.0,14.0,108.0
Data Visualization,hard,7.0,4.0,18.0,189.0
Leadership,hard,5.0,6.0,13.0,180.0
Data Science Basics,hard,6.0,2.0,10.0,54.0
PHP,hard,6.0,6.0,19.0,108.0
MongoDB,hard,5.0,4.0,16.0,135.0
Network Security,hard,6.0,6.0,13.0,216.0
Support,hard,6.0,3.0,13.0,108.0
Network Security,hard,5.0,2.0,10.0,45.0
Kotlin,hard,7.0,3.0,16.0,126.0
Docker,hard,7.0,4.0,15.0,252.0
.NET,hard,7.0,2.0,12.0,63.0
Kubernetes,hard,7.0,6.0,15.0,189.0
Angular,hard,7.0,2.0,11.0,63.0
PostgreSQL,hard,6.0,5.0,11.0,162.0
Prototyping,hard,6.0,5.0,18.0,54.0
Information Security,hard,6.0,4.0,19.0,108.0
Test-Driven Development,hard,7.0,4.0,14.0,189.0
RESTful API,hard,6.0,2.0,10.0,216.0
Swift,hard,7.0,6.0,19.0,252.0
Data Analysis,hard,6.0,5.0,18.0,54.0
Accessibility,hard,6.0,4.0,14.0,108.0
MongoDB,hard,5.0,2.0,17.0,180.0
Business Analysis,hard,6.0,6.0,15.0,108.0
Statistical Analysis,hard,7.0,4.0,17.0,252.0
Deep Learning Concepts,hard,5.0,1.0,14.0,180.0
Statistical Analysis,hard,5.0,5.0,13.0,45.0
Kotlin,hard,6.0,4.0,11.0,108.0
Collaboration,hard,7.0,6.0,19.0,252.0
Test-Driven Development,hard,5.0,6.0,11.0,135.0
Machine Learning,hard,6.0,3.0,18.0,108.0
MySQL,hard,6.0,2.0,10.0,108.0
Machine Learning Fundamentals,hard,5.0,2.0,16.0,180.0
Responsive Design,hard,7.0,5.0,15.0,63.0
Vue.js,hard,6.0,5.0,16.0,162.0
Kotlin,hard,6.0,6.0,10.0,54.0
Requirements Analysis,hard,6.0,2.0,14.0,216.0
NoSQL,hard,7.0,6.0,16.0,252.0
Node.js,hard,7.0,6.0,14.0,189.0
Responsive Design,hard,6.0,4.0,11.0,162.0
PHP,hard,6.0,5.0,10.0,108.0
Collaboration,hard,7.0,5.0,19.0,126.0
Containerization,hard,6.0,2.0,14.0,108.0
User Stories,hard,6.0,2.0,13.0,216.0
Support,hard,7.0,4.0,19.0,126.0
Java,hard,5.0,2.0,18.0,180.0
Machine Learning,hard,5.0,1.0,13.0,45.0
Artificial Intelligence,hard,6.0,6.0,17.0,54.0
Containerization,hard,7.0,4.0,17.0,252.0
RESTful API,hard,6.0,6.0,13.0,162.0
Machine Learning Fundamentals,hard,6.0,3.0,12.0,108.0
Machine Learning Fundamentals,hard,6.0,4.0,14.0,162.0
CI/CD,hard,5.0,1.0,17.0,45.0
DevOps,hard,5.0,3.0,17.0,180.0
Requirements Analysis,hard,6.0,4.0,19.0,216.0
Azure,hard,7.0,2.0,16.0,252.0
Kubernetes,hard,5.0,3.0,19.0,180.0
Cybersecurity,hard,7.0,5.0,17.0,126.0
Prototyping,hard,7.0,2.0,19.0,126.0
Data Science Basics,hard,7.0,4.0,11.0,252.0
Python for Data Science,hard,6.0,2.0,10.0,108.0
Kotlin,hard,5.0,2.0,11.0,45.0
Network Security,hard,7.0,2.0,19.0,189.0
PHP,hard,6.0,5.0,18.0,108.0
Support,hard,6.0,2.0,19.0,108.0
Data Science Basics,hard,6.0,5.0,18.0,162.0
Scrum,hard,7.0,4.0,11.0,189.0
Network Security,hard,7.0,1.0,17.0,252.0
C#,hard,6.0,5.0,14.0,162.0
Containerization,hard,5.0,2.0,11.0,90.0
Documentation,hard,6.0,5.0,18.0,108.0
Statistical Analysis,hard,7.0,3.0,10.0,252.0
PostgreSQL,hard,5.0,4.0,12.0,90.0
Technical Writing,hard,5.0,2.0,16.0,135.0
Big Data Analytics,hard,5.0,3.0,14.0,90.0
Containerization,hard,6.0,3.0,15.0,216.0
Technical Writing,hard,5.0,5.0,16.0,45.0
CI/CD,hard,5.0,3.0,10.0,90.0
Agile Product Management,hard,7.0,2.0,16.0,189.0
Google Cloud Platform,hard,6.0,6.0,19.0,216.0
Responsive Design,hard,5.0,3.0,14.0,180.0
Data Science,hard,5.0,3.0,17.0,45.0
Problem Solving,hard,7.0,5.0,11.0,189.0
AWS,hard,7.0,2.0,18.0,126.0
Information Security,hard,5.0,6.0,15.0,45.0
Cybersecurity,hard,5.0,1.0,18.0,90.0
Responsive Design,hard,5.0,4.0,15.0,135.0
Machine Learning,hard,5.0,1.0,15.0,90.0
Leadership,hard,6.0,1.0,10.0,108.0
Google Cloud Platform,hard,5.0,2.0,17.0,180.0
Agile Methodologies,hard,6.0,2.0,18.0,162.0
Swift,hard,6.0,3.0,15.0,162.0
Leadership,hard,5.0,4.0,10.0,180.0
Python for Data Science,hard,5.0,5.0,17.0,90.0
Agile Product Management,hard,7.0,2.0,18.0,252.0
Microservices,hard,6.0,2.0,16.0,216.0
Data Visualization,hard,6.0,3.0,10.0,162.0
Scrum,hard,5.0,4.0,10.0,180.0
Agile Product Management,hard,5.0,6.0,19.0,180.0
Test-Driven Development,hard,5.0,5.0,14.0,90.0
Support,hard,5.0,4.0,15.0,90.0
RESTful API,hard,7.0,4.0,14.0,63.0
Microservices,hard,5.0,3.0,11.0,180.0
Business Analysis,hard,7.0,6.0,13.0,252.0
PostgreSQL,hard,5.0,1.0,14.0,180.0
Wireframing,hard,5.0,2.0,16.0,90.0
Technical Writing,hard,6.0,1.0,19.0,216.0
AWS,hard,5.0,1.0,19.0,90.0
Problem Solving,hard,6.0,1.0,10.0,162.0
Data Science,hard,6.0,3.0,14.0,54.0
Cybersecurity,hard,5.0,5.0,11.0,45.0
Flask,hard,7.0,6.0,11.0,252.0
Collaboration,hard,6.0,4.0,11.0,54.0
RESTful API,hard,5.0,1.0,19.0,180.0
Angular,hard,7.0,5.0,16.0,126.0
JavaScript,hard,6.0,3.0,16.0,54.0
AWS,hard,6.0,5.0,11.0,54.0
Angular,hard,6.0,6.0,13.0,216.0
PHP,hard,6.0,3.0,13.0,162.0
AWS,hard,7.0,4.0,16.0,189.0
Data Analysis,hard,7.0,2.0,14.0,126.0
AWS,hard,5.0,2.0,14.0,90.0
Django,hard,6.0,4.0,11.0,108.0
NoSQL,hard,6.0,6.0,14.0,162.0
Product Management,hard,6.0,3.0,13.0,54.0
Deep Learning Concepts,hard,6.0,2.0,15.0,54.0
Statistical Analysis,hard,6.0,6.0,14.0,216.0
MySQL,hard,6.0,6.0,10.0,216.0
Support,hard,7.0,1.0,11.0,63.0
Requirements Analysis,hard,6.0,6.0,11.0,162.0
Responsive Design,hard,7.0,3.0,11.0,189.0
AWS,hard,5.0,2.0,17.0,135.0
Wireframing,hard,7.0,2.0,18.0,252.0
Problem Solving,hard,5.0,1.0,12.0,135.0
PostgreSQL,hard,5.0,4.0,15.0,45.0
Continuous Deployment,hard,7.0,2.0,12.0,252.0
Documentation,hard,7.0,6.0,13.0,252.0
React,hard,6.0,1.0,10.0,54.0
NoSQL,hard,6.0,5.0,17.0,162.0
Node.js,hard,5.0,4.0,13.0,180.0
Responsive Design,hard,5.0,3.0,19.0,135.0
Big Data Analytics,hard,7.0,4.0,14.0,63.0
Communication,hard,5.0,2.0,11.0,90.0
Data Analysis,hard,6.0,2.0,16.0,108.0
Objective-C,hard,7.0,1.0,14.0,189.0
Continuous Deployment,hard,6.0,2.0,16.0,162.0
Python,hard,7.0,4.0,11.0,126.0
Information Security,hard,5.0,6.0,18.0,135.0
Problem Solving,hard,5.0,1.0,11.0,90.0
Data Visualization,hard,6.0,5.0,10.0,216.0
PostgreSQL,hard,5.0,5.0,12.0,45.0
GraphQL,hard,7.0,6.0,11.0,252.0
Agile Methodologies,hard,6.0,6.0,18.0,54.0
Data Visualization,hard,6.0,5.0,15.0,162.0
CSS,hard,5.0,1.0,19.0,90.0
Agile Product Management,hard,5.0,4.0,15.0,135.0
Behavior-Driven Development,hard,7.0,1.0,18.0,189.0
NoSQL,hard,5.0,6.0,18.0,180.0
Ruby,hard,6.0,3.0,11.0,54.0
CSS,hard,7.0,1.0,15.0,126.0
Agile Product Management,hard,6.0,2.0,10.0,108.0
Data Science Basics,hard,6.0,5.0,15.0,162.0
Documentation,hard,6.0,1.0,10.0,216.0
.NET,hard,5.0,3.0,13.0,45.0
Django,hard,7.0,2.0,16.0,126.0
UI/UX Design,hard,7.0,4.0,15.0,126.0
PostgreSQL,hard,5.0,1.0,10.0,135.0
Java,hard,5.0,5.0,15.0,45.0
Data Analysis,hard,5.0,2.0,14.0,90.0
Swift,hard,5.0,1.0,12.0,45.0
CSS,hard,6.0,2.0,18.0,162.0
PostgreSQL,hard,6.0,2.0,15.0,162.0
Swift,hard,5.0,2.0,13.0,180.0
Kubernetes,hard,6.0,3.0,19.0,216.0
Wireframing,hard,6.0,1.0,17.0,108.0
Containerization,hard,5.0,6.0,10.0,45.0
Machine Learning,hard,6.0,2.0,10.0,108.0
Python,hard,5.0,1.0,12.0,90.0
